county_fips_or_division_id,county_name,dominant_team,dominant_league,dominant_score,runner_up_team,runner_up_score,margin
47011,Bradley,Alabama Football,College Football,99.0,LSU Football,20.5,78.5
47007,Bledsoe,Alabama Football,College Football,99.0,LSU Football,20.5,78.5
13047,Catoosa,Alabama Football,College Football,99.0,LSU Football,20.5,78.5
13295,Walker,Alabama Football,College Football,99.0,LSU Football,20.5,78.5
13213,Murray,Alabama Football,College Football,99.0,LSU Football,20.5,78.5
13313,Whitfield,Alabama Football,College Football,99.0,LSU Football,20.5,78.5
47107,McMinn,Alabama Football,College Football,99.0,LSU Football,20.5,78.5
47115,Marion,Alabama Football,College Football,99.0,LSU Football,20.5,78.5
47143,Rhea,Alabama Football,College Football,99.0,LSU Football,20.5,78.5
12077,Liberty,Alabama Football,College Football,99.0,Florida State Football,36.0,63.0
12063,Jackson,Alabama Football,College Football,99.0,Florida State Football,36.0,63.0
12013,Calhoun,Alabama Football,College Football,99.0,Florida State Football,36.0,63.0
12037,Franklin,Alabama Football,College Football,99.0,Florida State Football,36.0,63.0
28099,Neshoba,Alabama Football,College Football,99.0,Mississippi State Football,60.0,39.0
01119,Sumter,Alabama Football,College Football,99.0,Mississippi State Football,60.0,39.0
13083,Dade,Alabama Football,College Football,99.0,LSU Football,20.5,78.5
47061,Grundy,Alabama Football,College Football,99.0,LSU Football,20.5,78.5
47065,Hamilton,Alabama Football,College Football,99.0,LSU Football,20.5,78.5
28101,Newton,Alabama Football,College Football,99.0,Mississippi State Football,60.0,39.0
28023,Clarke,Alabama Football,College Football,99.0,Mississippi State Football,60.0,39.0
47153,Sequatchie,Alabama Football,College Football,99.0,LSU Football,20.5,78.5
12059,Holmes,Alabama Football,College Football,99.0,Florida State Football,36.0,63.0
12045,Gulf,Alabama Football,College Football,99.0,Florida State Football,36.0,63.0
28069,Kemper,Alabama Football,College Football,99.0,Mississippi State Football,60.0,39.0
12005,Bay,Alabama Football,College Football,99.0,Florida State Football,36.0,63.0
28075,Lauderdale,Alabama Football,College Football,99.0,Mississippi State Football,60.0,39.0
37039,Cherokee,Alabama Football,College Football,99.0,LSU Football,20.5,78.5
01023,Choctaw,Alabama Football,College Football,99.0,Mississippi State Football,60.0,39.0
47121,Meigs,Alabama Football,College Football,99.0,LSU Football,20.5,78.5
47139,Polk,Alabama Football,College Football,99.0,LSU Football,20.5,78.5
12131,Walton,Alabama Football,College Football,99.0,Florida State Football,36.0,63.0
12133,Washington,Alabama Football,College Football,99.0,Florida State Football,36.0,63.0
53063,Spokane,Gonzaga Basketball,College Basketball,98.0,Washington Football,26.333333333333332,71.66666666666667
16017,Bonner,Gonzaga Basketball,College Basketball,98.0,Washington Football,26.333333333333332,71.66666666666667
53051,Pend Oreille,Gonzaga Basketball,College Basketball,98.0,Washington Football,26.333333333333332,71.66666666666667
53043,Lincoln,Gonzaga Basketball,College Basketball,98.0,Washington Football,26.333333333333332,71.66666666666667
53047,Okanogan,Gonzaga Basketball,College Basketball,98.0,Washington Football,26.333333333333332,71.66666666666667
53075,Whitman,Gonzaga Basketball,College Basketball,98.0,Washington Football,26.333333333333332,71.66666666666667
53001,Adams,Gonzaga Basketball,College Basketball,98.0,Washington Football,26.333333333333332,71.66666666666667
16049,Idaho,Gonzaga Basketball,College Basketball,98.0,Washington Football,26.333333333333332,71.66666666666667
53003,Asotin,Gonzaga Basketball,College Basketball,98.0,Washington Football,26.333333333333332,71.66666666666667
16057,Latah,Gonzaga Basketball,College Basketball,98.0,Washington Football,26.333333333333332,71.66666666666667
16061,Lewis,Gonzaga Basketball,College Basketball,98.0,Washington Football,26.333333333333332,71.66666666666667
16079,Shoshone,Gonzaga Basketball,College Basketball,98.0,Washington Football,26.333333333333332,71.66666666666667
16069,Nez Perce,Gonzaga Basketball,College Basketball,98.0,Washington Football,26.333333333333332,71.66666666666667
16055,Kootenai,Gonzaga Basketball,College Basketball,98.0,Washington Football,26.333333333333332,71.66666666666667
16009,Benewah,Gonzaga Basketball,College Basketball,98.0,Washington Football,26.333333333333332,71.66666666666667
16035,Clearwater,Gonzaga Basketball,College Basketball,98.0,Washington Football,26.333333333333332,71.66666666666667
16021,Boundary,Gonzaga Basketball,College Basketball,98.0,Washington Football,26.333333333333332,71.66666666666667
53019,Ferry,Gonzaga Basketball,College Basketball,98.0,Washington Football,26.333333333333332,71.66666666666667
53023,Garfield,Gonzaga Basketball,College Basketball,98.0,Washington Football,26.333333333333332,71.66666666666667
30053,Lincoln,Gonzaga Basketball,College Basketball,98.0,Washington Football,26.333333333333332,71.66666666666667
53025,Grant,Gonzaga Basketball,College Basketball,98.0,Washington Football,26.333333333333332,71.66666666666667
41063,Wallowa,Gonzaga Basketball,College Basketball,98.0,Washington Football,26.333333333333332,71.66666666666667
53065,Stevens,Gonzaga Basketball,College Basketball,98.0,Washington Football,26.333333333333332,71.66666666666667
53013,Columbia,Gonzaga Basketball,College Basketball,98.0,Washington Football,26.333333333333332,71.66666666666667
06093,Siskiyou,Oregon Football,College Football,97.0,Washington Football,7.333333333333333,89.66666666666667
53059,Skamania,Oregon Football,College Football,97.0,Washington Football,19.666666666666668,77.33333333333333
53039,Klickitat,Oregon Football,College Football,97.0,Washington Football,19.666666666666668,77.33333333333333
41005,Clackamas,Oregon Football,College Football,97.0,Washington Football,19.666666666666668,77.33333333333333
41015,Curry,Oregon Football,College Football,97.0,Washington Football,7.333333333333333,89.66666666666667
53069,Wahkiakum,Oregon Football,College Football,97.0,Washington Football,19.666666666666668,77.33333333333333
41013,Crook,Oregon Football,College Football,97.0,Washington Football,19.666666666666668,77.33333333333333
41009,Columbia,Oregon Football,College Football,97.0,Washington Football,19.666666666666668,77.33333333333333
41007,Clatsop,Oregon Football,College Football,97.0,Washington Football,19.666666666666668,77.33333333333333
41001,Baker,Oregon Football,College Football,97.0,Washington Football,19.666666666666668,77.33333333333333
41043,Linn,Oregon Football,College Football,97.0,Washington Football,19.666666666666668,77.33333333333333
41041,Lincoln,Oregon Football,College Football,97.0,Washington Football,19.666666666666668,77.33333333333333
41051,Multnomah,Oregon Football,College Football,97.0,Washington Football,19.666666666666668,77.33333333333333
41065,Wasco,Oregon Football,College Football,97.0,Washington Football,19.666666666666668,77.33333333333333
53015,Cowlitz,Oregon Football,College Football,97.0,Washington Football,19.666666666666668,77.33333333333333
41057,Tillamook,Oregon Football,College Football,97.0,Washington Football,19.666666666666668,77.33333333333333
41061,Union,Oregon Football,College Football,97.0,Washington Football,19.666666666666668,77.33333333333333
41055,Sherman,Oregon Football,College Football,97.0,Washington Football,19.666666666666668,77.33333333333333
41069,Wheeler,Oregon Football,College Football,97.0,Washington Football,19.666666666666668,77.33333333333333
41071,Yamhill,Oregon Football,College Football,97.0,Washington Football,19.666666666666668,77.33333333333333
41067,Washington,Oregon Football,College Football,97.0,Washington Football,19.666666666666668,77.33333333333333
41037,Lake,Oregon Football,College Football,97.0,Washington Football,7.333333333333333,89.66666666666667
41035,Klamath,Oregon Football,College Football,97.0,Washington Football,7.333333333333333,89.66666666666667
41053,Polk,Oregon Football,College Football,97.0,Washington Football,19.666666666666668,77.33333333333333
41049,Morrow,Oregon Football,College Football,97.0,Washington Football,19.666666666666668,77.33333333333333
41047,Marion,Oregon Football,College Football,97.0,Washington Football,19.666666666666668,77.33333333333333
41021,Gilliam,Oregon Football,College Football,97.0,Washington Football,19.666666666666668,77.33333333333333
41023,Grant,Oregon Football,College Football,97.0,Washington Football,19.666666666666668,77.33333333333333
53011,Clark,Oregon Football,College Football,97.0,Washington Football,19.666666666666668,77.33333333333333
41029,Jackson,Oregon Football,College Football,97.0,Washington Football,7.333333333333333,89.66666666666667
41027,Hood River,Oregon Football,College Football,97.0,Washington Football,19.666666666666668,77.33333333333333
41031,Jefferson,Oregon Football,College Football,97.0,Washington Football,19.666666666666668,77.33333333333333
41033,Josephine,Oregon Football,College Football,97.0,Washington Football,7.333333333333333,89.66666666666667
41025,Harney,Oregon Football,College Football,97.0,Washington Football,19.666666666666668,77.33333333333333
22043,Grant,LSU Football,College Football,96.0,Alabama Football,13.142857142857142,82.85714285714286
56023,Lincoln,Utah Football,College Football,96.0,Oregon Football,10.285714285714286,85.71428571428571
16007,Bear Lake,Utah Football,College Football,96.0,Oregon Football,10.285714285714286,85.71428571428571
16071,Oneida,Utah Football,College Football,96.0,Oregon Football,10.285714285714286,85.71428571428571
56035,Sublette,Utah Football,College Football,96.0,Oregon Football,10.285714285714286,85.71428571428571
16041,Franklin,Utah Football,College Football,96.0,Oregon Football,10.285714285714286,85.71428571428571
22009,Avoyelles,LSU Football,College Football,96.0,Alabama Football,13.142857142857142,82.85714285714286
22079,Rapides,LSU Football,College Football,96.0,Alabama Football,13.142857142857142,82.85714285714286
49013,Duchesne,Utah Football,College Football,96.0,Oregon Football,10.285714285714286,85.71428571428571
49025,Kane,Utah Football,College Football,96.0,Oregon Football,10.285714285714286,85.71428571428571
29005,Atchison,Creighton Basketball,College Basketball,96.0,Iowa Football,87.0,9.0
31021,Burt,Creighton Basketball,College Basketball,96.0,Iowa Football,87.0,9.0
49015,Emery,Utah Football,College Football,96.0,Oregon Football,10.285714285714286,85.71428571428571
49017,Garfield,Utah Football,College Football,96.0,Oregon Football,10.285714285714286,85.71428571428571
49019,Grand,Utah Football,College Football,96.0,Oregon Football,10.285714285714286,85.71428571428571
49023,Juab,Utah Football,College Football,96.0,Oregon Football,10.285714285714286,85.71428571428571
49021,Iron,Utah Football,College Football,96.0,Oregon Football,10.285714285714286,85.71428571428571
49031,Piute,Utah Football,College Football,96.0,Oregon Football,10.285714285714286,85.71428571428571
49033,Rich,Utah Football,College Football,96.0,Oregon Football,10.285714285714286,85.71428571428571
49043,Summit,Utah Football,College Football,96.0,Oregon Football,10.285714285714286,85.71428571428571
49045,Tooele,Utah Football,College Football,96.0,Oregon Football,10.285714285714286,85.71428571428571
49047,Uintah,Utah Football,College Football,96.0,Oregon Football,10.285714285714286,85.71428571428571
49049,Utah,Utah Football,College Football,96.0,Oregon Football,10.285714285714286,85.71428571428571
49035,Salt Lake,Utah Football,College Football,96.0,Oregon Football,10.285714285714286,85.71428571428571
49055,Wayne,Utah Football,College Football,96.0,Oregon Football,10.285714285714286,85.71428571428571
49053,Washington,Utah Football,College Football,96.0,Oregon Football,10.285714285714286,85.71428571428571
49051,Wasatch,Utah Football,College Football,96.0,Oregon Football,10.285714285714286,85.71428571428571
49057,Weber,Utah Football,College Football,96.0,Oregon Football,10.285714285714286,85.71428571428571
49037,San Juan,Utah Football,College Football,96.0,Oregon Football,10.285714285714286,85.71428571428571
49039,Sanpete,Utah Football,College Football,96.0,Oregon Football,10.285714285714286,85.71428571428571
49041,Sevier,Utah Football,College Football,96.0,Oregon Football,10.285714285714286,85.71428571428571
49027,Millard,Utah Football,College Football,96.0,Oregon Football,10.285714285714286,85.71428571428571
49029,Morgan,Utah Football,College Football,96.0,Oregon Football,10.285714285714286,85.71428571428571
49005,Cache,Utah Football,College Football,96.0,Oregon Football,10.285714285714286,85.71428571428571
49007,Carbon,Utah Football,College Football,96.0,Oregon Football,10.285714285714286,85.71428571428571
19085,Harrison,Creighton Basketball,College Basketball,96.0,Iowa Football,87.0,9.0
19071,Fremont,Creighton Basketball,College Basketball,96.0,Iowa Football,87.0,9.0
19047,Crawford,Creighton Basketball,College Basketball,96.0,Iowa Football,87.0,9.0
19029,Cass,Creighton Basketball,College Basketball,96.0,Iowa Football,87.0,9.0
31039,Cuming,Creighton Basketball,College Basketball,96.0,Iowa Football,87.0,9.0
56037,Sweetwater,Utah Football,College Football,96.0,Oregon Football,10.285714285714286,85.71428571428571
31037,Colfax,Creighton Basketball,College Basketball,96.0,Iowa Football,87.0,9.0
49001,Beaver,Utah Football,College Football,96.0,Oregon Football,10.285714285714286,85.71428571428571
49003,Box Elder,Utah Football,College Football,96.0,Oregon Football,10.285714285714286,85.71428571428571
31025,Cass,Creighton Basketball,College Basketball,96.0,Iowa Football,87.0,9.0
49011,Davis,Utah Football,College Football,96.0,Oregon Football,10.285714285714286,85.71428571428571
49009,Daggett,Utah Football,College Football,96.0,Oregon Football,10.285714285714286,85.71428571428571
31053,Dodge,Creighton Basketball,College Basketball,96.0,Iowa Football,87.0,9.0
19165,Shelby,Creighton Basketball,College Basketball,96.0,Iowa Football,87.0,9.0
19155,Pottawattamie,Creighton Basketball,College Basketball,96.0,Iowa Football,87.0,9.0
19137,Montgomery,Creighton Basketball,College Basketball,96.0,Iowa Football,87.0,9.0
32007,Elko,Utah Football,College Football,96.0,Oregon Football,10.285714285714286,85.71428571428571
32011,Eureka,Utah Football,College Football,96.0,Oregon Football,10.285714285714286,85.71428571428571
32033,White Pine,Utah Football,College Football,96.0,Oregon Football,10.285714285714286,85.71428571428571
19129,Mills,Creighton Basketball,College Basketball,96.0,Iowa Football,87.0,9.0
19145,Page,Creighton Basketball,College Basketball,96.0,Iowa Football,87.0,9.0
31153,Sarpy,Creighton Basketball,College Basketball,96.0,Iowa Football,87.0,9.0
31177,Washington,Creighton Basketball,College Basketball,96.0,Iowa Football,87.0,9.0
31155,Saunders,Creighton Basketball,College Basketball,96.0,Iowa Football,87.0,9.0
31055,Douglas,Creighton Basketball,College Basketball,96.0,Iowa Football,87.0,9.0
56041,Uinta,Utah Football,College Football,96.0,Oregon Football,10.285714285714286,85.71428571428571
31147,Richardson,Creighton Basketball,College Basketball,96.0,Iowa Football,87.0,9.0
31141,Platte,Creighton Basketball,College Basketball,96.0,Iowa Football,87.0,9.0
31097,Johnson,Creighton Basketball,College Basketball,96.0,Iowa Football,87.0,9.0
31127,Nemaha,Creighton Basketball,College Basketball,96.0,Iowa Football,87.0,9.0
31131,Otoe,Creighton Basketball,College Basketball,96.0,Iowa Football,87.0,9.0
22115,Vernon,LSU Football,College Football,96.0,Alabama Football,13.142857142857142,82.85714285714286
39125,Paulding,Purdue Basketball,College Basketball,95.0,Michigan Football,70.0,25.0
18003,Allen,Purdue Basketball,College Basketball,95.0,Michigan Football,70.0,25.0
16015,Boise,Boise State Football,College Football,95.0,Oregon Football,16.6,78.4
18001,Adams,Purdue Basketball,College Basketball,95.0,Michigan Football,70.0,25.0
13147,Hart,Clemson Football,College Football,95.0,Georgia Football,58.0,37.0
18033,De Kalb,Purdue Basketball,College Basketball,95.0,Michigan Football,70.0,25.0
39161,Van Wert,Purdue Basketball,College Basketball,95.0,Michigan Football,70.0,25.0
18069,Huntington,Purdue Basketball,College Basketball,95.0,Michigan Football,70.0,25.0
18075,Jay,Purdue Basketball,College Basketball,95.0,Michigan Football,70.0,25.0
18151,Steuben,Purdue Basketball,College Basketball,95.0,Michigan Football,70.0,25.0
16073,Owyhee,Boise State Football,College Football,95.0,Oregon Football,16.6,78.4
45077,Pickens,Clemson Football,College Football,95.0,Georgia Football,58.0,37.0
16075,Payette,Boise State Football,College Football,95.0,Oregon Football,16.6,78.4
16087,Washington,Boise State Football,College Football,95.0,Oregon Football,16.6,78.4
16085,Valley,Boise State Football,College Football,95.0,Oregon Football,16.6,78.4
18113,Noble,Purdue Basketball,College Basketball,95.0,Michigan Football,70.0,25.0
41045,Malheur,Boise State Football,College Football,95.0,Oregon Football,16.6,78.4
45087,Union,Clemson Football,College Football,95.0,Georgia Football,58.0,37.0
22023,Cameron,LSU Football,College Football,95.0,Texas Football,12.0,83.0
22019,Calcasieu,LSU Football,College Football,95.0,Texas Football,12.0,83.0
45083,Spartanburg,Clemson Football,College Football,95.0,Georgia Football,58.0,37.0
13257,Stephens,Clemson Football,College Football,95.0,Georgia Football,58.0,37.0
22011,Beauregard,LSU Football,College Football,95.0,Texas Football,12.0,83.0
37021,Buncombe,Clemson Football,College Football,95.0,Georgia Football,58.0,37.0
16027,Canyon,Boise State Football,College Football,95.0,Oregon Football,16.6,78.4
37199,Yancey,Clemson Football,College Football,95.0,Georgia Football,58.0,37.0
45059,Laurens,Clemson Football,College Football,95.0,Georgia Football,58.0,37.0
18183,Whitley,Purdue Basketball,College Basketball,95.0,Michigan Football,70.0,25.0
18179,Wells,Purdue Basketball,College Basketball,95.0,Michigan Football,70.0,25.0
18169,Wabash,Purdue Basketball,College Basketball,95.0,Michigan Football,70.0,25.0
16045,Gem,Boise State Football,College Football,95.0,Oregon Football,16.6,78.4
16039,Elmore,Boise State Football,College Football,95.0,Oregon Football,16.6,78.4
45045,Greenville,Clemson Football,College Football,95.0,Georgia Football,58.0,37.0
45047,Greenwood,Clemson Football,College Football,95.0,Georgia Football,58.0,37.0
13105,Elbert,Clemson Football,College Football,95.0,Georgia Football,58.0,37.0
37161,Rutherford,Clemson Football,College Football,95.0,Georgia Football,58.0,37.0
37173,Swain,Clemson Football,College Football,95.0,Georgia Football,58.0,37.0
37175,Transylvania,Clemson Football,College Football,95.0,Georgia Football,58.0,37.0
37149,Polk,Clemson Football,College Football,95.0,Georgia Football,58.0,37.0
45001,Abbeville,Clemson Football,College Football,95.0,Georgia Football,58.0,37.0
16001,Ada,Boise State Football,College Football,95.0,Oregon Football,16.6,78.4
16003,Adams,Boise State Football,College Football,95.0,Oregon Football,16.6,78.4
37113,Macon,Clemson Football,College Football,95.0,Georgia Football,58.0,37.0
37111,McDowell,Clemson Football,College Football,95.0,Georgia Football,58.0,37.0
37115,Madison,Clemson Football,College Football,95.0,Georgia Football,58.0,37.0
45007,Anderson,Clemson Football,College Football,95.0,Georgia Football,58.0,37.0
37099,Jackson,Clemson Football,College Football,95.0,Georgia Football,58.0,37.0
45021,Cherokee,Clemson Football,College Football,95.0,Georgia Football,58.0,37.0
37089,Henderson,Clemson Football,College Football,95.0,Georgia Football,58.0,37.0
37121,Mitchell,Clemson Football,College Football,95.0,Georgia Football,58.0,37.0
16025,Camas,Boise State Football,College Football,95.0,Oregon Football,16.6,78.4
13119,Franklin,Clemson Football,College Football,95.0,Georgia Football,58.0,37.0
37087,Haywood,Clemson Football,College Football,95.0,Georgia Football,58.0,37.0
37075,Graham,Clemson Football,College Football,95.0,Georgia Football,58.0,37.0
45073,Oconee,Clemson Football,College Football,95.0,Georgia Football,58.0,37.0
22003,Allen,LSU Football,College Football,95.0,Texas Football,12.0,83.0
18021,Clay,Purdue Basketball,College Basketball,94.0,Purdue Football,23.0,71.0
40097,Mayes,Oklahoma Football,College Football,94.0,Oklahoma State Football,27.333333333333332,66.66666666666667
17159,Richland,Purdue Basketball,College Basketball,94.0,Purdue Football,23.0,71.0
40021,Cherokee,Oklahoma Football,College Football,94.0,Oklahoma State Football,27.333333333333332,66.66666666666667
40037,Creek,Oklahoma Football,College Football,94.0,Oklahoma State Football,27.333333333333332,66.66666666666667
40035,Craig,Oklahoma Football,College Football,94.0,Oklahoma State Football,27.333333333333332,66.66666666666667
40041,Delaware,Oklahoma Football,College Football,94.0,Oklahoma State Football,27.333333333333332,66.66666666666667
40061,Haskell,Oklahoma Football,College Football,94.0,Oklahoma State Football,27.333333333333332,66.66666666666667
40091,McIntosh,Oklahoma Football,College Football,94.0,Oklahoma State Football,27.333333333333332,66.66666666666667
40001,Adair,Oklahoma Football,College Football,94.0,Oklahoma State Football,27.333333333333332,66.66666666666667
45061,Lee,Clemson Football,College Football,94.0,South Carolina Football,89.0,5.0
42043,Dauphin,Penn State Football,College Football,94.0,Notre Dame Football,9.11111111111111,84.88888888888889
18153,Sullivan,Purdue Basketball,College Basketball,94.0,Purdue Football,23.0,71.0
42055,Franklin,Penn State Football,College Football,94.0,Notre Dame Football,9.11111111111111,84.88888888888889
45075,Orangeburg,Clemson Football,College Football,94.0,South Carolina Football,89.0,5.0
42041,Cumberland,Penn State Football,College Football,94.0,Notre Dame Football,9.11111111111111,84.88888888888889
45079,Richland,Clemson Football,College Football,94.0,South Carolina Football,89.0,5.0
45081,Saluda,Clemson Football,College Football,94.0,South Carolina Football,89.0,5.0
17023,Clark,Purdue Basketball,College Basketball,94.0,Purdue Football,23.0,71.0
18121,Parke,Purdue Basketball,College Basketball,94.0,Purdue Football,23.0,71.0
17033,Crawford,Purdue Basketball,College Basketball,94.0,Purdue Football,23.0,71.0
42015,Bradford,Penn State Football,College Football,94.0,Notre Dame Football,10.875,83.125
42001,Adams,Penn State Football,College Football,94.0,Notre Dame Football,9.11111111111111,84.88888888888889
42025,Carbon,Penn State Football,College Football,94.0,Notre Dame Football,10.875,83.125
42035,Clinton,Penn State Football,College Football,94.0,Notre Dame Football,10.875,83.125
42037,Columbia,Penn State Football,College Football,94.0,Notre Dame Football,10.875,83.125
17079,Jasper,Purdue Basketball,College Basketball,94.0,Purdue Football,23.0,71.0
18101,Martin,Purdue Basketball,College Basketball,94.0,Purdue Football,23.0,71.0
40105,Nowata,Oklahoma Football,College Football,94.0,Oklahoma State Football,27.333333333333332,66.66666666666667
40101,Muskogee,Oklahoma Football,College Football,94.0,Oklahoma State Football,27.333333333333332,66.66666666666667
40111,Okmulgee,Oklahoma Football,College Football,94.0,Oklahoma State Football,27.333333333333332,66.66666666666667
40113,Osage,Oklahoma Football,College Football,94.0,Oklahoma State Football,27.333333333333332,66.66666666666667
40117,Pawnee,Oklahoma Football,College Football,94.0,Oklahoma State Football,27.333333333333332,66.66666666666667
40107,Okfuskee,Oklahoma Football,College Football,94.0,Oklahoma State Football,27.333333333333332,66.66666666666667
17101,Lawrence,Purdue Basketball,College Basketball,94.0,Purdue Football,23.0,71.0
18083,Knox,Purdue Basketball,College Basketball,94.0,Purdue Football,23.0,71.0
40121,Pittsburg,Oklahoma Football,College Football,94.0,Oklahoma State Football,27.333333333333332,66.66666666666667
40131,Rogers,Oklahoma Football,College Football,94.0,Oklahoma State Football,27.333333333333332,66.66666666666667
40143,Tulsa,Oklahoma Football,College Football,94.0,Oklahoma State Football,27.333333333333332,66.66666666666667
40145,Wagoner,Oklahoma Football,College Football,94.0,Oklahoma State Football,27.333333333333332,66.66666666666667
40147,Washington,Oklahoma Football,College Football,94.0,Oklahoma State Football,27.333333333333332,66.66666666666667
45085,Sumter,Clemson Football,College Football,94.0,South Carolina Football,89.0,5.0
18055,Greene,Purdue Basketball,College Basketball,94.0,Purdue Football,23.0,71.0
40077,Latimer,Oklahoma Football,College Football,94.0,Oklahoma State Football,27.333333333333332,66.66666666666667
42113,Sullivan,Penn State Football,College Football,94.0,Notre Dame Football,10.875,83.125
42109,Snyder,Penn State Football,College Football,94.0,Notre Dame Football,10.875,83.125
42119,Union,Penn State Football,College Football,94.0,Notre Dame Football,10.875,83.125
42115,Susquehanna,Penn State Football,College Football,94.0,Notre Dame Football,10.875,83.125
42097,Northumberland,Penn State Football,College Football,94.0,Notre Dame Football,10.875,83.125
42099,Perry,Penn State Football,College Football,94.0,Notre Dame Football,9.11111111111111,84.88888888888889
42089,Monroe,Penn State Football,College Football,94.0,Notre Dame Football,10.875,83.125
42071,Lancaster,Penn State Football,College Football,94.0,Notre Dame Football,9.11111111111111,84.88888888888889
42069,Lackawanna,Penn State Football,College Football,94.0,Notre Dame Football,10.875,83.125
42079,Luzerne,Penn State Football,College Football,94.0,Notre Dame Football,10.875,83.125
42087,Mifflin,Penn State Football,College Football,94.0,Notre Dame Football,9.11111111111111,84.88888888888889
42081,Lycoming,Penn State Football,College Football,94.0,Notre Dame Football,10.875,83.125
18167,Vigo,Purdue Basketball,College Basketball,94.0,Purdue Football,23.0,71.0
18165,Vermillion,Purdue Basketball,College Basketball,94.0,Purdue Football,23.0,71.0
45063,Lexington,Clemson Football,College Football,94.0,South Carolina Football,89.0,5.0
45071,Newberry,Clemson Football,College Football,94.0,South Carolina Football,89.0,5.0
42067,Juniata,Penn State Football,College Football,94.0,Notre Dame Football,9.11111111111111,84.88888888888889
42075,Lebanon,Penn State Football,College Football,94.0,Notre Dame Football,9.11111111111111,84.88888888888889
42107,Schuylkill,Penn State Football,College Football,94.0,Notre Dame Football,10.875,83.125
42093,Montour,Penn State Football,College Football,94.0,Notre Dame Football,10.875,83.125
42127,Wayne,Penn State Football,College Football,94.0,Notre Dame Football,10.875,83.125
42131,Wyoming,Penn State Football,College Football,94.0,Notre Dame Football,10.875,83.125
42133,York,Penn State Football,College Football,94.0,Notre Dame Football,9.11111111111111,84.88888888888889
20125,Montgomery,Oklahoma Football,College Football,94.0,Oklahoma State Football,27.333333333333332,66.66666666666667
45055,Kershaw,Clemson Football,College Football,94.0,South Carolina Football,89.0,5.0
20019,Chautauqua,Oklahoma Football,College Football,94.0,Oklahoma State Football,27.333333333333332,66.66666666666667
45027,Clarendon,Clemson Football,College Football,94.0,South Carolina Football,89.0,5.0
45017,Calhoun,Clemson Football,College Football,94.0,South Carolina Football,89.0,5.0
45039,Fairfield,Clemson Football,College Football,94.0,South Carolina Football,89.0,5.0
18027,Daviess,Purdue Basketball,College Basketball,94.0,Purdue Football,23.0,71.0
27047,Freeborn,Iowa Football,College Football,92.0,Iowa State Football,40.0,52.0
27045,Fillmore,Iowa Football,College Football,92.0,Iowa State Football,40.0,52.0
22123,West Carroll,LSU Football,College Football,92.0,Arkansas Football,18.666666666666668,73.33333333333333
22061,Lincoln,LSU Football,College Football,92.0,Arkansas Football,18.666666666666668,73.33333333333333
22065,Madison,LSU Football,College Football,92.0,Arkansas Football,18.666666666666668,73.33333333333333
22067,Morehouse,LSU Football,College Football,92.0,Arkansas Football,18.666666666666668,73.33333333333333
22073,Ouachita,LSU Football,College Football,92.0,Arkansas Football,18.666666666666668,73.33333333333333
27109,Olmsted,Iowa Football,College Football,92.0,Iowa State Football,40.0,52.0
22041,Franklin,LSU Football,College Football,92.0,Arkansas Football,18.666666666666668,73.33333333333333
22049,Jackson,LSU Football,College Football,92.0,Arkansas Football,18.666666666666668,73.33333333333333
27039,Dodge,Iowa Football,College Football,92.0,Iowa State Football,40.0,52.0
22035,East Carroll,LSU Football,College Football,92.0,Arkansas Football,18.666666666666668,73.33333333333333
22021,Caldwell,LSU Football,College Football,92.0,Arkansas Football,18.666666666666668,73.33333333333333
22025,Catahoula,LSU Football,College Football,92.0,Arkansas Football,18.666666666666668,73.33333333333333
22029,Concordia,LSU Football,College Football,92.0,Arkansas Football,18.666666666666668,73.33333333333333
05003,Ashley,LSU Football,College Football,92.0,Arkansas Football,18.666666666666668,73.33333333333333
19033,Cerro Gordo,Iowa Football,College Football,92.0,Iowa State Football,40.0,52.0
19189,Winnebago,Iowa Football,College Football,92.0,Iowa State Football,40.0,52.0
19131,Mitchell,Iowa Football,College Football,92.0,Iowa State Football,40.0,52.0
05139,Union,LSU Football,College Football,92.0,Arkansas Football,18.666666666666668,73.33333333333333
27099,Mower,Iowa Football,College Football,92.0,Iowa State Football,40.0,52.0
19067,Floyd,Iowa Football,College Football,92.0,Iowa State Football,40.0,52.0
19089,Howard,Iowa Football,College Football,92.0,Iowa State Football,40.0,52.0
22059,La Salle,LSU Football,College Football,92.0,Arkansas Football,18.666666666666668,73.33333333333333
22127,Winn,LSU Football,College Football,92.0,Arkansas Football,18.666666666666668,73.33333333333333
22083,Richland,LSU Football,College Football,92.0,Arkansas Football,18.666666666666668,73.33333333333333
22111,Union,LSU Football,College Football,92.0,Arkansas Football,18.666666666666668,73.33333333333333
22107,Tensas,LSU Football,College Football,92.0,Arkansas Football,18.666666666666668,73.33333333333333
19195,Worth,Iowa Football,College Football,92.0,Iowa State Football,40.0,52.0
19081,Hancock,Iowa Football,College Football,92.0,Iowa State Football,40.0,52.0
05071,Johnson,Arkansas Football,College Football,89.0,Oklahoma Football,16.25,72.75
05083,Logan,Arkansas Football,College Football,89.0,Oklahoma Football,16.25,72.75
05087,Madison,Arkansas Football,College Football,89.0,Oklahoma Football,16.25,72.75
05047,Franklin,Arkansas Football,College Football,89.0,Oklahoma Football,16.25,72.75
42051,Fayette,Penn State Football,College Football,89.0,Pittsburgh Football,30.0,59.0
42053,Forest,Penn State Football,College Football,89.0,Pittsburgh Football,30.0,59.0
42059,Greene,Penn State Football,College Football,89.0,Pittsburgh Football,30.0,59.0
42031,Clarion,Penn State Football,College Football,89.0,Pittsburgh Football,30.0,59.0
05143,Washington,Arkansas Football,College Football,89.0,Oklahoma Football,16.25,72.75
42019,Butler,Penn State Football,College Football,89.0,Pittsburgh Football,30.0,59.0
42007,Beaver,Penn State Football,College Football,89.0,Pittsburgh Football,30.0,59.0
42005,Armstrong,Penn State Football,College Football,89.0,Pittsburgh Football,30.0,59.0
42003,Allegheny,Penn State Football,College Football,89.0,Pittsburgh Football,30.0,59.0
40079,LeFlore,Arkansas Football,College Football,89.0,Oklahoma Football,16.25,72.75
40135,Sequoyah,Arkansas Football,College Football,89.0,Oklahoma Football,16.25,72.75
24023,Garrett,Penn State Football,College Football,89.0,Pittsburgh Football,30.0,59.0
42121,Venango,Penn State Football,College Football,89.0,Pittsburgh Football,30.0,59.0
42063,Indiana,Penn State Football,College Football,89.0,Pittsburgh Football,30.0,59.0
42073,Lawrence,Penn State Football,College Football,89.0,Pittsburgh Football,30.0,59.0
05131,Sebastian,Arkansas Football,College Football,89.0,Oklahoma Football,16.25,72.75
42125,Washington,Penn State Football,College Football,89.0,Pittsburgh Football,30.0,59.0
54077,Preston,Penn State Football,College Football,89.0,Pittsburgh Football,30.0,59.0
05033,Crawford,Arkansas Football,College Football,89.0,Oklahoma Football,16.25,72.75
54061,Monongalia,Penn State Football,College Football,89.0,Pittsburgh Football,30.0,59.0
05007,Benton,Arkansas Football,College Football,89.0,Oklahoma Football,16.25,72.75
42129,Westmoreland,Penn State Football,College Football,89.0,Pittsburgh Football,30.0,59.0
05127,Scott,Arkansas Football,College Football,89.0,Oklahoma Football,16.25,72.75
51027,Buchanan,Tennessee Football,College Football,88.0,Georgia Football,16.0,72.0
51520,Bristol,Tennessee Football,College Football,88.0,Georgia Football,16.0,72.0
05135,Sharp,Arkansas Football,College Football,88.0,Alabama Football,10.0,78.0
47073,Hawkins,Tennessee Football,College Football,88.0,Georgia Football,16.0,72.0
47091,Johnson,Tennessee Football,College Football,88.0,Georgia Football,16.0,72.0
51051,Dickenson,Tennessee Football,College Football,88.0,Georgia Football,16.0,72.0
47059,Greene,Tennessee Football,College Football,88.0,Georgia Football,16.0,72.0
51191,Washington,Tennessee Football,College Football,88.0,Georgia Football,16.0,72.0
05021,Clay,Arkansas Football,College Football,88.0,Alabama Football,10.0,78.0
31043,Dakota,Nebraska Football,College Football,88.0,Iowa State Football,81.0,7.0
19167,Sioux,Nebraska Football,College Football,88.0,Iowa State Football,81.0,7.0
31051,Dixon,Nebraska Football,College Football,88.0,Iowa State Football,81.0,7.0
31027,Cedar,Nebraska Football,College Football,88.0,Iowa State Football,81.0,7.0
19063,Emmet,Nebraska Football,College Football,88.0,Iowa State Football,81.0,7.0
19059,Dickinson,Nebraska Football,College Football,88.0,Iowa State Football,81.0,7.0
05031,Craighead,Arkansas Football,College Football,88.0,Alabama Football,10.0,78.0
19093,Ida,Nebraska Football,College Football,88.0,Iowa State Football,81.0,7.0
21133,Letcher,Tennessee Football,College Football,88.0,Georgia Football,16.0,72.0
51167,Russell,Tennessee Football,College Football,88.0,Georgia Football,16.0,72.0
31173,Thurston,Nebraska Football,College Football,88.0,Iowa State Football,81.0,7.0
31167,Stanton,Nebraska Football,College Football,88.0,Iowa State Football,81.0,7.0
31179,Wayne,Nebraska Football,College Football,88.0,Iowa State Football,81.0,7.0
19193,Woodbury,Nebraska Football,College Football,88.0,Iowa State Football,81.0,7.0
19035,Cherokee,Nebraska Football,College Football,88.0,Iowa State Football,81.0,7.0
19041,Clay,Nebraska Football,College Football,88.0,Iowa State Football,81.0,7.0
47163,Sullivan,Tennessee Football,College Football,88.0,Georgia Football,16.0,72.0
21131,Leslie,Tennessee Football,College Football,88.0,Georgia Football,16.0,72.0
19141,Obrien,Nebraska Football,College Football,88.0,Iowa State Football,81.0,7.0
47019,Carter,Tennessee Football,College Football,88.0,Georgia Football,16.0,72.0
31119,Madison,Nebraska Football,College Football,88.0,Iowa State Football,81.0,7.0
51105,Lee,Tennessee Football,College Football,88.0,Georgia Football,16.0,72.0
51195,Wise,Tennessee Football,College Football,88.0,Georgia Football,16.0,72.0
31107,Knox,Nebraska Football,College Football,88.0,Iowa State Football,81.0,7.0
19149,Plymouth,Nebraska Football,College Football,88.0,Iowa State Football,81.0,7.0
47179,Washington,Tennessee Football,College Football,88.0,Georgia Football,16.0,72.0
05055,Greene,Arkansas Football,College Football,88.0,Alabama Football,10.0,78.0
47171,Unicoi,Tennessee Football,College Football,88.0,Georgia Football,16.0,72.0
46127,Union,Nebraska Football,College Football,88.0,Iowa State Football,81.0,7.0
05075,Lawrence,Arkansas Football,College Football,88.0,Alabama Football,10.0,78.0
51173,Smyth,Tennessee Football,College Football,88.0,Georgia Football,16.0,72.0
19161,Sac,Nebraska Football,College Football,88.0,Iowa State Football,81.0,7.0
31139,Pierce,Nebraska Football,College Football,88.0,Iowa State Football,81.0,7.0
19147,Palo Alto,Nebraska Football,College Football,88.0,Iowa State Football,81.0,7.0
19133,Monona,Nebraska Football,College Football,88.0,Iowa State Football,81.0,7.0
51720,Norton City,Tennessee Football,College Football,88.0,Georgia Football,16.0,72.0
51169,Scott,Tennessee Football,College Football,88.0,Georgia Football,16.0,72.0
05121,Randolph,Arkansas Football,College Football,88.0,Alabama Football,10.0,78.0
19021,Buena Vista,Nebraska Football,College Football,88.0,Iowa State Football,81.0,7.0
05039,Dallas,Arkansas Football,College Football,87.0,Texas Football,10.8,76.2
05001,Arkansas,Arkansas Football,College Football,87.0,Texas Football,10.8,76.2
05129,Searcy,Arkansas Football,College Football,87.0,Texas Football,10.8,76.2
05045,Faulkner,Arkansas Football,College Football,87.0,Texas Football,10.8,76.2
05013,Calhoun,Arkansas Football,College Football,87.0,Texas Football,10.8,76.2
05141,Van Buren,Arkansas Football,College Football,87.0,Texas Football,10.8,76.2
05109,Pike,Arkansas Football,College Football,87.0,Texas Football,10.8,76.2
05115,Pope,Arkansas Football,College Football,87.0,Texas Football,10.8,76.2
05067,Jackson,Arkansas Football,College Football,87.0,Texas Football,10.8,76.2
05147,Woodruff,Arkansas Football,College Football,87.0,Texas Football,10.8,76.2
05103,Ouachita,Arkansas Football,College Football,87.0,Texas Football,10.8,76.2
05105,Perry,Arkansas Football,College Football,87.0,Texas Football,10.8,76.2
05145,White,Arkansas Football,College Football,87.0,Texas Football,10.8,76.2
05149,Yell,Arkansas Football,College Football,87.0,Texas Football,10.8,76.2
05063,Independence,Arkansas Football,College Football,87.0,Texas Football,10.8,76.2
05059,Hot Spring,Arkansas Football,College Football,87.0,Texas Football,10.8,76.2
05051,Garland,Arkansas Football,College Football,87.0,Texas Football,10.8,76.2
05113,Polk,Arkansas Football,College Football,87.0,Texas Football,10.8,76.2
05053,Grant,Arkansas Football,College Football,87.0,Texas Football,10.8,76.2
05117,Prairie,Arkansas Football,College Football,87.0,Texas Football,10.8,76.2
05023,Cleburne,Arkansas Football,College Football,87.0,Texas Football,10.8,76.2
05029,Conway,Arkansas Football,College Football,87.0,Texas Football,10.8,76.2
05043,Drew,Arkansas Football,College Football,87.0,Texas Football,10.8,76.2
05099,Nevada,Arkansas Football,College Football,87.0,Texas Football,10.8,76.2
05011,Bradley,Arkansas Football,College Football,87.0,Texas Football,10.8,76.2
05119,Pulaski,Arkansas Football,College Football,87.0,Texas Football,10.8,76.2
05065,Izard,Arkansas Football,College Football,87.0,Texas Football,10.8,76.2
05125,Saline,Arkansas Football,College Football,87.0,Texas Football,10.8,76.2
05085,Lonoke,Arkansas Football,College Football,87.0,Texas Football,10.8,76.2
05095,Monroe,Arkansas Football,College Football,87.0,Texas Football,10.8,76.2
05041,Desha,Arkansas Football,College Football,87.0,Texas Football,10.8,76.2
05019,Clark,Arkansas Football,College Football,87.0,Texas Football,10.8,76.2
05069,Jefferson,Arkansas Football,College Football,87.0,Texas Football,10.8,76.2
05097,Montgomery,Arkansas Football,College Football,87.0,Texas Football,10.8,76.2
05025,Cleveland,Arkansas Football,College Football,87.0,Texas Football,10.8,76.2
05137,Stone,Arkansas Football,College Football,87.0,Texas Football,10.8,76.2
05079,Lincoln,Arkansas Football,College Football,87.0,Texas Football,10.8,76.2
26069,Iosco,Michigan State Basketball,College Basketball,86.0,Detroit Lions,14.0,72.0
26073,Isabella,Michigan State Basketball,College Basketball,86.0,Detroit Lions,14.0,72.0
26155,Shiawassee,Michigan State Basketball,College Basketball,86.0,Detroit Lions,14.0,72.0
26011,Arenac,Michigan State Basketball,College Basketball,86.0,Detroit Lions,14.0,72.0
26157,Tuscola,Michigan State Basketball,College Basketball,86.0,Detroit Lions,14.0,72.0
26145,Saginaw,Michigan State Basketball,College Basketball,86.0,Detroit Lions,14.0,72.0
26057,Gratiot,Michigan State Basketball,College Basketball,86.0,Detroit Lions,14.0,72.0
26063,Huron,Michigan State Basketball,College Basketball,86.0,Detroit Lions,14.0,72.0
26051,Gladwin,Michigan State Basketball,College Basketball,86.0,Detroit Lions,14.0,72.0
26111,Midland,Michigan State Basketball,College Basketball,86.0,Detroit Lions,14.0,72.0
26049,Genesee,Michigan State Basketball,College Basketball,86.0,Detroit Lions,14.0,72.0
26017,Bay,Michigan State Basketball,College Basketball,86.0,Detroit Lions,14.0,72.0
26129,Ogemaw,Michigan State Basketball,College Basketball,86.0,Detroit Lions,14.0,72.0
19019,Buchanan,Iowa State Football,College Football,84.0,Nebraska Football,16.666666666666668,67.33333333333333
26127,Oceana,Michigan State Basketball,College Basketball,84.0,Notre Dame Football,30.333333333333332,53.66666666666667
26067,Ionia,Michigan State Basketball,College Basketball,84.0,Notre Dame Football,30.333333333333332,53.66666666666667
19017,Bremer,Iowa State Football,College Football,84.0,Nebraska Football,16.666666666666668,67.33333333333333
19013,Black Hawk,Iowa State Football,College Football,84.0,Nebraska Football,16.666666666666668,67.33333333333333
26077,Kalamazoo,Michigan State Basketball,College Basketball,84.0,Notre Dame Football,30.333333333333332,53.66666666666667
26139,Ottawa,Michigan State Basketball,College Basketball,84.0,Notre Dame Football,30.333333333333332,53.66666666666667
19105,Jones,Iowa State Football,College Football,84.0,Nebraska Football,16.666666666666668,67.33333333333333
19183,Washington,Iowa State Football,College Football,84.0,Nebraska Football,16.666666666666668,67.33333333333333
19095,Iowa,Iowa State Football,College Football,84.0,Nebraska Football,16.666666666666668,67.33333333333333
19037,Chickasaw,Iowa State Football,College Football,84.0,Nebraska Football,16.666666666666668,67.33333333333333
19031,Cedar,Iowa State Football,College Football,84.0,Nebraska Football,16.666666666666668,67.33333333333333
19023,Butler,Iowa State Football,College Football,84.0,Nebraska Football,16.666666666666668,67.33333333333333
26121,Muskegon,Michigan State Basketball,College Basketball,84.0,Notre Dame Football,30.333333333333332,53.66666666666667
26005,Allegan,Michigan State Basketball,College Basketball,84.0,Notre Dame Football,30.333333333333332,53.66666666666667
19043,Clayton,Iowa State Football,College Football,84.0,Nebraska Football,16.666666666666668,67.33333333333333
26015,Barry,Michigan State Basketball,College Basketball,84.0,Notre Dame Football,30.333333333333332,53.66666666666667
19061,Dubuque,Iowa State Football,College Football,84.0,Nebraska Football,16.666666666666668,67.33333333333333
26025,Calhoun,Michigan State Basketball,College Basketball,84.0,Notre Dame Football,30.333333333333332,53.66666666666667
19011,Benton,Iowa State Football,College Football,84.0,Nebraska Football,16.666666666666668,67.33333333333333
19005,Allamakee,Iowa State Football,College Football,84.0,Nebraska Football,16.666666666666668,67.33333333333333
19171,Tama,Iowa State Football,College Football,84.0,Nebraska Football,16.666666666666668,67.33333333333333
19113,Linn,Iowa State Football,College Football,84.0,Nebraska Football,16.666666666666668,67.33333333333333
19065,Fayette,Iowa State Football,College Football,84.0,Nebraska Football,16.666666666666668,67.33333333333333
19107,Keokuk,Iowa State Football,College Football,84.0,Nebraska Football,16.666666666666668,67.33333333333333
19191,Winneshiek,Iowa State Football,College Football,84.0,Nebraska Football,16.666666666666668,67.33333333333333
19075,Grundy,Iowa State Football,College Football,84.0,Nebraska Football,16.666666666666668,67.33333333333333
19055,Delaware,Iowa State Football,College Football,84.0,Nebraska Football,16.666666666666668,67.33333333333333
19103,Johnson,Iowa State Football,College Football,84.0,Nebraska Football,16.666666666666668,67.33333333333333
26023,Branch,Michigan State Basketball,College Basketball,84.0,Notre Dame Football,30.333333333333332,53.66666666666667
26123,Newaygo,Michigan State Basketball,College Basketball,84.0,Notre Dame Football,30.333333333333332,53.66666666666667
26159,Van Buren,Michigan State Basketball,College Basketball,84.0,Notre Dame Football,30.333333333333332,53.66666666666667
26149,Saint Joseph,Michigan State Basketball,College Basketball,84.0,Notre Dame Football,30.333333333333332,53.66666666666667
26117,Montcalm,Michigan State Basketball,College Basketball,84.0,Notre Dame Football,30.333333333333332,53.66666666666667
26081,Kent,Michigan State Basketball,College Basketball,84.0,Notre Dame Football,30.333333333333332,53.66666666666667
26165,Wexford,Michigan State Basketball,College Basketball,83.0,Notre Dame Football,17.2,65.8
48149,Fayette,Texas Football,College Football,83.0,Texas A&M Football,13.0,70.0
26105,Mason,Michigan State Basketball,College Basketball,83.0,Notre Dame Football,17.2,65.8
26133,Osceola,Michigan State Basketball,College Basketball,83.0,Notre Dame Football,17.2,65.8
48021,Bastrop,Texas Football,College Football,83.0,Texas A&M Football,13.0,70.0
48287,Lee,Texas Football,College Football,83.0,Texas A&M Football,13.0,70.0
48299,Llano,Texas Football,College Football,83.0,Texas A&M Football,13.0,70.0
26047,Emmet,Michigan State Basketball,College Basketball,83.0,Notre Dame Football,17.2,65.8
48491,Williamson,Texas Football,College Football,83.0,Texas A&M Football,13.0,70.0
26035,Clare,Michigan State Basketball,College Basketball,83.0,Notre Dame Football,17.2,65.8
26089,Leelanau,Michigan State Basketball,College Basketball,83.0,Notre Dame Football,17.2,65.8
26031,Cheboygan,Michigan State Basketball,College Basketball,83.0,Notre Dame Football,17.2,65.8
26033,Chippewa,Michigan State Basketball,College Basketball,83.0,Notre Dame Football,17.2,65.8
26029,Charlevoix,Michigan State Basketball,College Basketball,83.0,Notre Dame Football,17.2,65.8
48171,Gillespie,Texas Football,College Football,83.0,Texas A&M Football,13.0,70.0
48453,Travis,Texas Football,College Football,83.0,Texas A&M Football,13.0,70.0
26039,Crawford,Michigan State Basketball,College Basketball,83.0,Notre Dame Football,17.2,65.8
26113,Missaukee,Michigan State Basketball,College Basketball,83.0,Notre Dame Football,17.2,65.8
48319,Mason,Texas Football,College Football,83.0,Texas A&M Football,13.0,70.0
26085,Lake,Michigan State Basketball,College Basketball,83.0,Notre Dame Football,17.2,65.8
26107,Mecosta,Michigan State Basketball,College Basketball,83.0,Notre Dame Football,17.2,65.8
26079,Kalkaska,Michigan State Basketball,College Basketball,83.0,Notre Dame Football,17.2,65.8
26009,Antrim,Michigan State Basketball,College Basketball,83.0,Notre Dame Football,17.2,65.8
26019,Benzie,Michigan State Basketball,College Basketball,83.0,Notre Dame Football,17.2,65.8
48055,Caldwell,Texas Football,College Football,83.0,Texas A&M Football,13.0,70.0
48053,Burnet,Texas Football,College Football,83.0,Texas A&M Football,13.0,70.0
26135,Oscoda,Michigan State Basketball,College Basketball,83.0,Notre Dame Football,17.2,65.8
26101,Manistee,Michigan State Basketball,College Basketball,83.0,Notre Dame Football,17.2,65.8
26097,Mackinac,Michigan State Basketball,College Basketball,83.0,Notre Dame Football,17.2,65.8
26141,Presque Isle,Michigan State Basketball,College Basketball,83.0,Notre Dame Football,17.2,65.8
26055,Grand Traverse,Michigan State Basketball,College Basketball,83.0,Notre Dame Football,17.2,65.8
26143,Roscommon,Michigan State Basketball,College Basketball,83.0,Notre Dame Football,17.2,65.8
26095,Luce,Michigan State Basketball,College Basketball,83.0,Notre Dame Football,17.2,65.8
26137,Otsego,Michigan State Basketball,College Basketball,83.0,Notre Dame Football,17.2,65.8
26119,Montmorency,Michigan State Basketball,College Basketball,83.0,Notre Dame Football,17.2,65.8
48209,Hays,Texas Football,College Football,83.0,Texas A&M Football,13.0,70.0
48031,Blanco,Texas Football,College Football,83.0,Texas A&M Football,13.0,70.0
18047,Franklin,Cincinnati Football,College Football,81.0,Michigan Football,68.0,13.0
39165,Warren,Cincinnati Football,College Football,81.0,Michigan Football,68.0,13.0
21117,Kenton,Cincinnati Football,College Football,81.0,Michigan Football,68.0,13.0
18137,Ripley,Cincinnati Football,College Football,81.0,Michigan Football,68.0,13.0
39017,Butler,Cincinnati Football,College Football,81.0,Michigan Football,68.0,13.0
39015,Brown,Cincinnati Football,College Football,81.0,Michigan Football,68.0,13.0
21023,Bracken,Cincinnati Football,College Football,81.0,Michigan Football,68.0,13.0
39001,Adams,Cincinnati Football,College Football,81.0,Michigan Football,68.0,13.0
21015,Boone,Cincinnati Football,College Football,81.0,Michigan Football,68.0,13.0
18155,Switzerland,Cincinnati Football,College Football,81.0,Michigan Football,68.0,13.0
18161,Union,Cincinnati Football,College Football,81.0,Michigan Football,68.0,13.0
18115,Ohio,Cincinnati Football,College Football,81.0,Michigan Football,68.0,13.0
21187,Owen,Cincinnati Football,College Football,81.0,Michigan Football,68.0,13.0
39071,Highland,Cincinnati Football,College Football,81.0,Michigan Football,68.0,13.0
39061,Hamilton,Cincinnati Football,College Football,81.0,Michigan Football,68.0,13.0
21201,Robertson,Cincinnati Football,College Football,81.0,Michigan Football,68.0,13.0
21191,Pendleton,Cincinnati Football,College Football,81.0,Michigan Football,68.0,13.0
39025,Clermont,Cincinnati Football,College Football,81.0,Michigan Football,68.0,13.0
39027,Clinton,Cincinnati Football,College Football,81.0,Michigan Football,68.0,13.0
21161,Mason,Cincinnati Football,College Football,81.0,Michigan Football,68.0,13.0
21037,Campbell,Cincinnati Football,College Football,81.0,Michigan Football,68.0,13.0
18029,Dearborn,Cincinnati Football,College Football,81.0,Michigan Football,68.0,13.0
21081,Grant,Cincinnati Football,College Football,81.0,Michigan Football,68.0,13.0
21077,Gallatin,Cincinnati Football,College Football,81.0,Michigan Football,68.0,13.0
28141,Tishomingo,Mississippi State Football,College Football,80.0,Ole Miss Football,45.5,34.5
26153,Schoolcraft,Michigan Football,College Football,80.0,Michigan State Football,16.0,64.0
13107,Emanuel,Georgia Football,College Football,80.0,Alabama Football,32.333333333333336,47.666666666666664
13163,Jefferson,Georgia Football,College Football,80.0,Alabama Football,32.333333333333336,47.666666666666664
55037,Florence,Michigan Football,College Football,80.0,Michigan State Football,16.0,64.0
26061,Houghton,Michigan Football,College Football,80.0,Michigan State Football,16.0,64.0
28017,Chickasaw,Mississippi State Football,College Football,80.0,Ole Miss Football,45.5,34.5
26131,Ontonagon,Michigan Football,College Football,80.0,Michigan State Football,16.0,64.0
13245,Richmond,Georgia Football,College Football,80.0,Alabama Football,32.333333333333336,47.666666666666664
28013,Calhoun,Mississippi State Football,College Football,80.0,Ole Miss Football,45.5,34.5
28155,Webster,Mississippi State Football,College Football,80.0,Ole Miss Football,45.5,34.5
26103,Marquette,Michigan Football,College Football,80.0,Michigan State Football,16.0,64.0
13165,Jenkins,Georgia Football,College Football,80.0,Alabama Football,32.333333333333336,47.666666666666664
28019,Choctaw,Mississippi State Football,College Football,80.0,Ole Miss Football,45.5,34.5
13181,Lincoln,Georgia Football,College Football,80.0,Alabama Football,32.333333333333336,47.666666666666664
45037,Edgefield,Georgia Football,College Football,80.0,Alabama Football,32.333333333333336,47.666666666666664
01075,Lamar,Mississippi State Football,College Football,80.0,Ole Miss Football,45.5,34.5
28159,Winston,Mississippi State Football,College Football,80.0,Ole Miss Football,45.5,34.5
28095,Monroe,Mississippi State Football,College Football,80.0,Ole Miss Football,45.5,34.5
28057,Itawamba,Mississippi State Football,College Football,80.0,Ole Miss Football,45.5,34.5
13073,Columbia,Georgia Football,College Football,80.0,Alabama Football,32.333333333333336,47.666666666666664
45003,Aiken,Georgia Football,College Football,80.0,Alabama Football,32.333333333333336,47.666666666666664
13317,Wilkes,Georgia Football,College Football,80.0,Alabama Football,32.333333333333336,47.666666666666664
45009,Bamberg,Georgia Football,College Football,80.0,Alabama Football,32.333333333333336,47.666666666666664
28097,Montgomery,Mississippi State Football,College Football,80.0,Ole Miss Football,45.5,34.5
28105,Oktibbeha,Mississippi State Football,College Football,80.0,Ole Miss Football,45.5,34.5
28145,Union,Mississippi State Football,College Football,80.0,Ole Miss Football,45.5,34.5
28025,Clay,Mississippi State Football,College Football,80.0,Ole Miss Football,45.5,34.5
45011,Barnwell,Georgia Football,College Football,80.0,Alabama Football,32.333333333333336,47.666666666666664
45065,McCormick,Georgia Football,College Football,80.0,Alabama Football,32.333333333333336,47.666666666666664
13265,Taliaferro,Georgia Football,College Football,80.0,Alabama Football,32.333333333333336,47.666666666666664
28117,Prentiss,Mississippi State Football,College Football,80.0,Ole Miss Football,45.5,34.5
13189,McDuffie,Georgia Football,College Football,80.0,Alabama Football,32.333333333333336,47.666666666666664
28115,Pontotoc,Mississippi State Football,College Football,80.0,Ole Miss Football,45.5,34.5
13301,Warren,Georgia Football,College Football,80.0,Alabama Football,32.333333333333336,47.666666666666664
45005,Allendale,Georgia Football,College Football,80.0,Alabama Football,32.333333333333336,47.666666666666664
28161,Yalobusha,Mississippi State Football,College Football,80.0,Ole Miss Football,45.5,34.5
26071,Iron,Michigan Football,College Football,80.0,Michigan State Football,16.0,64.0
26041,Delta,Michigan Football,College Football,80.0,Michigan State Football,16.0,64.0
13125,Glascock,Georgia Football,College Football,80.0,Alabama Football,32.333333333333336,47.666666666666664
28081,Lee,Mississippi State Football,College Football,80.0,Ole Miss Football,45.5,34.5
28087,Lowndes,Mississippi State Football,College Football,80.0,Ole Miss Football,45.5,34.5
26003,Alger,Michigan Football,College Football,80.0,Michigan State Football,16.0,64.0
26083,Keweenaw,Michigan Football,College Football,80.0,Michigan State Football,16.0,64.0
13033,Burke,Georgia Football,College Football,80.0,Alabama Football,32.333333333333336,47.666666666666664
26013,Baraga,Michigan Football,College Football,80.0,Michigan State Football,16.0,64.0
28103,Noxubee,Mississippi State Football,College Football,80.0,Ole Miss Football,45.5,34.5
26043,Dickinson,Michigan Football,College Football,80.0,Michigan State Football,16.0,64.0
13253,Seminole,Florida State Football,College Football,79.0,Alabama Football,49.0,30.0
13027,Brooks,Florida State Football,College Football,79.0,Alabama Football,49.0,30.0
12079,Madison,Florida State Football,College Football,79.0,Alabama Football,49.0,30.0
13087,Decatur,Florida State Football,College Football,79.0,Alabama Football,49.0,30.0
12121,Suwannee,Florida State Football,College Football,79.0,Alabama Football,49.0,30.0
13201,Miller,Florida State Football,College Football,79.0,Alabama Football,49.0,30.0
13173,Lanier,Florida State Football,College Football,79.0,Alabama Football,49.0,30.0
12047,Hamilton,Florida State Football,College Football,79.0,Alabama Football,49.0,30.0
12039,Gadsden,Florida State Football,College Football,79.0,Alabama Football,49.0,30.0
13065,Clinch,Florida State Football,College Football,79.0,Alabama Football,49.0,30.0
13101,Echols,Florida State Football,College Football,79.0,Alabama Football,49.0,30.0
13131,Grady,Florida State Football,College Football,79.0,Alabama Football,49.0,30.0
12065,Jefferson,Florida State Football,College Football,79.0,Alabama Football,49.0,30.0
13275,Thomas,Florida State Football,College Football,79.0,Alabama Football,49.0,30.0
13185,Lowndes,Florida State Football,College Football,79.0,Alabama Football,49.0,30.0
12073,Leon,Florida State Football,College Football,79.0,Alabama Football,49.0,30.0
12129,Wakulla,Florida State Football,College Football,79.0,Alabama Football,49.0,30.0
12067,Lafayette,Florida State Football,College Football,79.0,Alabama Football,49.0,30.0
12123,Taylor,Florida State Football,College Football,79.0,Alabama Football,49.0,30.0
18119,Owen,Purdue Football,College Football,78.0,Michigan Football,56.0,22.0
18133,Putnam,Purdue Football,College Football,78.0,Michigan Football,56.0,22.0
18081,Johnson,Purdue Football,College Football,78.0,Michigan Football,56.0,22.0
18105,Monroe,Purdue Football,College Football,78.0,Michigan Football,56.0,22.0
18109,Morgan,Purdue Football,College Football,78.0,Michigan Football,56.0,22.0
18107,Montgomery,Purdue Football,College Football,78.0,Michigan Football,56.0,22.0
18093,Lawrence,Purdue Football,College Football,78.0,Michigan Football,56.0,22.0
18095,Madison,Purdue Football,College Football,78.0,Michigan Football,56.0,22.0
18103,Miami,Purdue Football,College Football,78.0,Michigan Football,56.0,22.0
18013,Brown,Purdue Football,College Football,78.0,Michigan Football,56.0,22.0
18097,Marion,Purdue Football,College Football,78.0,Michigan Football,56.0,22.0
18011,Boone,Purdue Football,College Football,78.0,Michigan Football,56.0,22.0
18005,Bartholomew,Purdue Football,College Football,78.0,Michigan Football,56.0,22.0
18009,Blackford,Purdue Football,College Football,78.0,Michigan Football,56.0,22.0
18031,Decatur,Purdue Football,College Football,78.0,Michigan Football,56.0,22.0
18139,Rush,Purdue Football,College Football,78.0,Michigan Football,56.0,22.0
18181,White,Purdue Football,College Football,78.0,Michigan Football,56.0,22.0
18059,Hancock,Purdue Football,College Football,78.0,Michigan Football,56.0,22.0
18057,Hamilton,Purdue Football,College Football,78.0,Michigan Football,56.0,22.0
18145,Shelby,Purdue Football,College Football,78.0,Michigan Football,56.0,22.0
18135,Randolph,Purdue Football,College Football,78.0,Michigan Football,56.0,22.0
18065,Henry,Purdue Football,College Football,78.0,Michigan Football,56.0,22.0
18063,Hendricks,Purdue Football,College Football,78.0,Michigan Football,56.0,22.0
18159,Tipton,Purdue Football,College Football,78.0,Michigan Football,56.0,22.0
18067,Howard,Purdue Football,College Football,78.0,Michigan Football,56.0,22.0
18035,Delaware,Purdue Football,College Football,78.0,Michigan Football,56.0,22.0
18045,Fountain,Purdue Football,College Football,78.0,Michigan Football,56.0,22.0
18053,Grant,Purdue Football,College Football,78.0,Michigan Football,56.0,22.0
18041,Fayette,Purdue Football,College Football,78.0,Michigan Football,56.0,22.0
18017,Cass,Purdue Football,College Football,78.0,Michigan Football,56.0,22.0
18015,Carroll,Purdue Football,College Football,78.0,Michigan Football,56.0,22.0
18023,Clinton,Purdue Football,College Football,78.0,Michigan Football,56.0,22.0
39137,Putnam,Michigan Football,College Football,76.0,Michigan State Football,16.0,60.0
39011,Auglaize,Michigan Football,College Football,76.0,Michigan State Football,16.0,60.0
39003,Allen,Michigan Football,College Football,76.0,Michigan State Football,16.0,60.0
17179,Tazewell,Illinois Football,College Football,74.0,Iowa Basketball,18.0,56.0
17175,Stark,Illinois Football,College Football,74.0,Iowa Basketball,18.0,56.0
17143,Peoria,Illinois Football,College Football,74.0,Iowa Basketball,18.0,56.0
17105,Livingston,Illinois Football,College Football,74.0,Iowa Basketball,18.0,56.0
17155,Putnam,Illinois Football,College Football,74.0,Iowa Basketball,18.0,56.0
17123,Marshall,Illinois Football,College Football,74.0,Iowa Basketball,18.0,56.0
17113,McLean,Illinois Football,College Football,74.0,Iowa Basketball,18.0,56.0
17057,Fulton,Illinois Football,College Football,74.0,Iowa Basketball,18.0,56.0
17203,Woodford,Illinois Football,College Football,74.0,Iowa Basketball,18.0,56.0
17125,Mason,Illinois Football,College Football,74.0,Iowa Basketball,18.0,56.0
39119,Muskingum,Michigan Football,College Football,73.0,Michigan State Football,18.0,55.0
39093,Lorain,Michigan Football,College Football,71.0,Michigan State Football,18.0,53.0
39169,Wayne,Michigan Football,College Football,71.0,Michigan State Football,18.0,53.0
39151,Stark,Michigan Football,College Football,71.0,Michigan State Football,18.0,53.0
39139,Richland,Michigan Football,College Football,71.0,Michigan State Football,18.0,53.0
17191,Wayne,Kentucky Basketball,College Basketball,71.0,Indiana Basketball,57.0,14.0
18037,Dubois,Kentucky Basketball,College Basketball,71.0,Indiana Basketball,57.0,14.0
17047,Edwards,Kentucky Basketball,College Basketball,71.0,Indiana Basketball,57.0,14.0
21059,Daviess,Kentucky Basketball,College Basketball,71.0,Indiana Basketball,57.0,14.0
21107,Hopkins,Kentucky Basketball,College Basketball,71.0,Indiana Basketball,57.0,14.0
18051,Gibson,Kentucky Basketball,College Basketball,71.0,Indiana Basketball,57.0,14.0
21233,Webster,Kentucky Basketball,College Basketball,71.0,Indiana Basketball,57.0,14.0
18173,Warrick,Kentucky Basketball,College Basketball,71.0,Indiana Basketball,57.0,14.0
39055,Geauga,Michigan Football,College Football,71.0,Michigan State Football,18.0,53.0
39043,Erie,Michigan Football,College Football,71.0,Michigan State Football,18.0,53.0
18123,Perry,Kentucky Basketball,College Basketball,71.0,Indiana Basketball,57.0,14.0
39007,Ashtabula,Michigan Football,College Football,71.0,Michigan State Football,18.0,53.0
18147,Spencer,Kentucky Basketball,College Basketball,71.0,Indiana Basketball,57.0,14.0
21183,Ohio,Kentucky Basketball,College Basketball,71.0,Indiana Basketball,57.0,14.0
18125,Pike,Kentucky Basketball,College Basketball,71.0,Indiana Basketball,57.0,14.0
21225,Union,Kentucky Basketball,College Basketball,71.0,Indiana Basketball,57.0,14.0
18129,Posey,Kentucky Basketball,College Basketball,71.0,Indiana Basketball,57.0,14.0
39005,Ashland,Michigan Football,College Football,71.0,Michigan State Football,18.0,53.0
39075,Holmes,Michigan Football,College Football,71.0,Michigan State Football,18.0,53.0
39077,Huron,Michigan Football,College Football,71.0,Michigan State Football,18.0,53.0
18163,Vanderburgh,Kentucky Basketball,College Basketball,71.0,Indiana Basketball,57.0,14.0
21149,McLean,Kentucky Basketball,College Basketball,71.0,Indiana Basketball,57.0,14.0
21177,Muhlenberg,Kentucky Basketball,College Basketball,71.0,Indiana Basketball,57.0,14.0
39153,Summit,Michigan Football,College Football,71.0,Michigan State Football,18.0,53.0
17185,Wabash,Kentucky Basketball,College Basketball,71.0,Indiana Basketball,57.0,14.0
39103,Medina,Michigan Football,College Football,71.0,Michigan State Football,18.0,53.0
39133,Portage,Michigan Football,College Football,71.0,Michigan State Football,18.0,53.0
39085,Lake,Michigan Football,College Football,71.0,Michigan State Football,18.0,53.0
21091,Hancock,Kentucky Basketball,College Basketball,71.0,Indiana Basketball,57.0,14.0
17193,White,Kentucky Basketball,College Basketball,71.0,Indiana Basketball,57.0,14.0
39157,Tuscarawas,Michigan Football,College Football,71.0,Michigan State Football,18.0,53.0
21101,Henderson,Kentucky Basketball,College Basketball,71.0,Indiana Basketball,57.0,14.0
39035,Cuyahoga,Michigan Football,College Football,71.0,Michigan State Football,18.0,53.0
39019,Carroll,Michigan Football,College Football,71.0,Michigan State Football,18.0,53.0
21019,Boyd,Kentucky Basketball,College Basketball,64.0,Marshall Football,46.5,17.5
54099,Wayne,Kentucky Basketball,College Basketball,64.0,Marshall Football,46.5,17.5
54105,Wirt,Kentucky Basketball,College Basketball,64.0,Marshall Football,46.5,17.5
21089,Greenup,Kentucky Basketball,College Basketball,64.0,Marshall Football,46.5,17.5
39105,Meigs,Kentucky Basketball,College Basketball,64.0,Marshall Football,46.5,17.5
21071,Floyd,Kentucky Basketball,College Basketball,64.0,Marshall Football,46.5,17.5
54015,Clay,Kentucky Basketball,College Basketball,64.0,Marshall Football,46.5,17.5
21195,Pike,Kentucky Basketball,College Basketball,64.0,Marshall Football,46.5,17.5
54039,Kanawha,Kentucky Basketball,College Basketball,64.0,Marshall Football,46.5,17.5
21043,Carter,Kentucky Basketball,College Basketball,64.0,Marshall Football,46.5,17.5
39053,Gallia,Kentucky Basketball,College Basketball,64.0,Marshall Football,46.5,17.5
54059,Mingo,Kentucky Basketball,College Basketball,64.0,Marshall Football,46.5,17.5
54067,Nicholas,Kentucky Basketball,College Basketball,64.0,Marshall Football,46.5,17.5
21135,Lewis,Kentucky Basketball,College Basketball,64.0,Marshall Football,46.5,17.5
54053,Mason,Kentucky Basketball,College Basketball,64.0,Marshall Football,46.5,17.5
39087,Lawrence,Kentucky Basketball,College Basketball,64.0,Marshall Football,46.5,17.5
39145,Scioto,Kentucky Basketball,College Basketball,64.0,Marshall Football,46.5,17.5
21127,Lawrence,Kentucky Basketball,College Basketball,64.0,Marshall Football,46.5,17.5
21063,Elliott,Kentucky Basketball,College Basketball,64.0,Marshall Football,46.5,17.5
54035,Jackson,Kentucky Basketball,College Basketball,64.0,Marshall Football,46.5,17.5
54045,Logan,Kentucky Basketball,College Basketball,64.0,Marshall Football,46.5,17.5
54043,Lincoln,Kentucky Basketball,College Basketball,64.0,Marshall Football,46.5,17.5
39079,Jackson,Kentucky Basketball,College Basketball,64.0,Marshall Football,46.5,17.5
54007,Braxton,Kentucky Basketball,College Basketball,64.0,Marshall Football,46.5,17.5
39163,Vinton,Kentucky Basketball,College Basketball,64.0,Marshall Football,46.5,17.5
21115,Johnson,Kentucky Basketball,College Basketball,64.0,Marshall Football,46.5,17.5
54087,Roane,Kentucky Basketball,College Basketball,64.0,Marshall Football,46.5,17.5
54005,Boone,Kentucky Basketball,College Basketball,64.0,Marshall Football,46.5,17.5
21159,Martin,Kentucky Basketball,College Basketball,64.0,Marshall Football,46.5,17.5
54013,Calhoun,Kentucky Basketball,College Basketball,64.0,Marshall Football,46.5,17.5
54011,Cabell,Kentucky Basketball,College Basketball,64.0,Marshall Football,46.5,17.5
54079,Putnam,Kentucky Basketball,College Basketball,64.0,Marshall Football,46.5,17.5
18019,Clark,Indiana Basketball,College Basketball,60.0,Indiana Football,32.0,28.0
18025,Crawford,Indiana Basketball,College Basketball,60.0,Indiana Football,32.0,28.0
21093,Hardin,Indiana Basketball,College Basketball,60.0,Indiana Football,32.0,28.0
21027,Breckinridge,Indiana Basketball,College Basketball,60.0,Indiana Football,32.0,28.0
21001,Adair,Indiana Basketball,College Basketball,60.0,Indiana Football,32.0,28.0
21029,Bullitt,Indiana Basketball,College Basketball,60.0,Indiana Football,32.0,28.0
18043,Floyd,Indiana Basketball,College Basketball,60.0,Indiana Football,32.0,28.0
21103,Henry,Indiana Basketball,College Basketball,60.0,Indiana Football,32.0,28.0
21087,Green,Indiana Basketball,College Basketball,60.0,Indiana Football,32.0,28.0
21085,Grayson,Indiana Basketball,College Basketball,60.0,Indiana Football,32.0,28.0
18077,Jefferson,Indiana Basketball,College Basketball,60.0,Indiana Football,32.0,28.0
21123,Larue,Indiana Basketball,College Basketball,60.0,Indiana Football,32.0,28.0
18079,Jennings,Indiana Basketball,College Basketball,60.0,Indiana Football,32.0,28.0
21111,Jefferson,Indiana Basketball,College Basketball,60.0,Indiana Football,32.0,28.0
18071,Jackson,Indiana Basketball,College Basketball,60.0,Indiana Football,32.0,28.0
21155,Marion,Indiana Basketball,College Basketball,60.0,Indiana Football,32.0,28.0
18175,Washington,Indiana Basketball,College Basketball,60.0,Indiana Football,32.0,28.0
18061,Harrison,Indiana Basketball,College Basketball,60.0,Indiana Football,32.0,28.0
21185,Oldham,Indiana Basketball,College Basketball,60.0,Indiana Football,32.0,28.0
21179,Nelson,Indiana Basketball,College Basketball,60.0,Indiana Football,32.0,28.0
18143,Scott,Indiana Basketball,College Basketball,60.0,Indiana Football,32.0,28.0
21217,Taylor,Indiana Basketball,College Basketball,60.0,Indiana Football,32.0,28.0
21229,Washington,Indiana Basketball,College Basketball,60.0,Indiana Football,32.0,28.0
21163,Meade,Indiana Basketball,College Basketball,60.0,Indiana Football,32.0,28.0
21211,Shelby,Indiana Basketball,College Basketball,60.0,Indiana Football,32.0,28.0
21215,Spencer,Indiana Basketball,College Basketball,60.0,Indiana Football,32.0,28.0
21223,Trimble,Indiana Basketball,College Basketball,60.0,Indiana Football,32.0,28.0
18117,Orange,Indiana Basketball,College Basketball,60.0,Indiana Football,32.0,28.0
21041,Carroll,Indiana Basketball,College Basketball,60.0,Indiana Football,32.0,28.0
29103,Knox,Iowa Football,College Football,59.0,Iowa Basketball,41.5,17.5
29111,Lewis,Iowa Football,College Football,59.0,Iowa Basketball,41.5,17.5
29127,Marion,Iowa Football,College Football,59.0,Iowa Basketball,41.5,17.5
29173,Ralls,Iowa Football,College Football,59.0,Iowa Basketball,41.5,17.5
17009,Brown,Iowa Football,College Football,59.0,Iowa Basketball,41.5,17.5
17001,Adams,Iowa Football,College Football,59.0,Iowa Basketball,41.5,17.5
29045,Clark,Iowa Football,College Football,59.0,Iowa Basketball,41.5,17.5
29205,Shelby,Iowa Football,College Football,59.0,Iowa Basketball,41.5,17.5
17171,Scott,Iowa Football,College Football,59.0,Iowa Basketball,41.5,17.5
17169,Schuyler,Iowa Football,College Football,59.0,Iowa Basketball,41.5,17.5
29137,Monroe,Iowa Football,College Football,59.0,Iowa Basketball,41.5,17.5
17149,Pike,Iowa Football,College Football,59.0,Iowa Basketball,41.5,17.5
19111,Lee,Iowa Football,College Football,59.0,Iowa Basketball,41.5,17.5
17109,McDonough,Iowa Football,College Football,59.0,Iowa Basketball,41.5,17.5
17067,Hancock,Iowa Football,College Football,59.0,Iowa Basketball,41.5,17.5
36089,Saint Lawrence,Syracuse Basketball,College Basketball,58.0,Syracuse Football,40.0,18.0
36049,Lewis,Syracuse Basketball,College Basketball,58.0,Syracuse Football,40.0,18.0
36045,Jefferson,Syracuse Basketball,College Basketball,58.0,Syracuse Football,40.0,18.0
51031,Campbell,Virginia Football,College Football,54.0,Virginia Tech Football,43.0,11.0
51515,Bedford City,Virginia Football,College Football,54.0,Virginia Tech Football,43.0,11.0
51037,Charlotte,Virginia Football,College Football,54.0,Virginia Tech Football,43.0,11.0
51035,Carroll,Virginia Football,College Football,54.0,Virginia Tech Football,43.0,11.0
18111,Newton,Michigan Football,College Football,54.0,Illinois Football,43.0,11.0
51045,Craig,Virginia Football,College Football,54.0,Virginia Tech Football,43.0,11.0
51163,Rockbridge,Virginia Football,College Football,54.0,Virginia Tech Football,43.0,11.0
17031,Cook,Michigan Football,College Football,54.0,Illinois Football,43.0,11.0
51161,Roanoke,Virginia Football,College Football,54.0,Virginia Tech Football,43.0,11.0
17043,DuPage,Michigan Football,College Football,54.0,Illinois Football,43.0,11.0
18127,Porter,Michigan Football,College Football,54.0,Illinois Football,43.0,11.0
51197,Wythe,Virginia Football,College Football,54.0,Virginia Tech Football,43.0,11.0
51089,Henry,Virginia Football,College Football,54.0,Virginia Tech Football,43.0,11.0
51077,Grayson,Virginia Football,College Football,54.0,Virginia Tech Football,43.0,11.0
51125,Nelson,Virginia Football,College Football,54.0,Virginia Tech Football,43.0,11.0
51083,Halifax,Virginia Football,College Football,54.0,Virginia Tech Football,43.0,11.0
17037,DeKalb,Michigan Football,College Football,54.0,Illinois Football,43.0,11.0
51775,Salem,Virginia Football,College Football,54.0,Virginia Tech Football,43.0,11.0
17063,Grundy,Michigan Football,College Football,54.0,Illinois Football,43.0,11.0
54075,Pocahontas,Virginia Football,College Football,54.0,Virginia Tech Football,43.0,11.0
51155,Pulaski,Virginia Football,College Football,54.0,Virginia Tech Football,43.0,11.0
51770,Roanoke City,Virginia Football,College Football,54.0,Virginia Tech Football,43.0,11.0
18091,La Porte,Michigan Football,College Football,54.0,Illinois Football,43.0,11.0
18089,Lake,Michigan Football,College Football,54.0,Illinois Football,43.0,11.0
18073,Jasper,Michigan Football,College Football,54.0,Illinois Football,43.0,11.0
17097,Lake,Michigan Football,College Football,54.0,Illinois Football,43.0,11.0
17099,La Salle,Michigan Football,College Football,54.0,Illinois Football,43.0,11.0
17091,Kankakee,Michigan Football,College Football,54.0,Illinois Football,43.0,11.0
17093,Kendall,Michigan Football,College Football,54.0,Illinois Football,43.0,11.0
51121,Montgomery,Virginia Football,College Football,54.0,Virginia Tech Football,43.0,11.0
17111,McHenry,Michigan Football,College Football,54.0,Illinois Football,43.0,11.0
51091,Highland,Virginia Football,College Football,54.0,Virginia Tech Football,43.0,11.0
17089,Kane,Michigan Football,College Football,54.0,Illinois Football,43.0,11.0
51750,Radford City,Virginia Football,College Football,54.0,Virginia Tech Football,43.0,11.0
51640,Galax City,Virginia Football,College Football,54.0,Virginia Tech Football,43.0,11.0
51690,Martinsville City,Virginia Football,College Football,54.0,Virginia Tech Football,43.0,11.0
17197,Will,Michigan Football,College Football,54.0,Illinois Football,43.0,11.0
51590,Danville City,Virginia Football,College Football,54.0,Virginia Tech Football,43.0,11.0
51143,Pittsylvania,Virginia Football,College Football,54.0,Virginia Tech Football,43.0,11.0
51680,Lynchburg City,Virginia Football,College Football,54.0,Virginia Tech Football,43.0,11.0
51678,Lexington City,Virginia Football,College Football,54.0,Virginia Tech Football,43.0,11.0
51530,Buena Vista City,Virginia Football,College Football,54.0,Virginia Tech Football,43.0,11.0
51580,Covington City,Virginia Football,College Football,54.0,Virginia Tech Football,43.0,11.0
51067,Franklin,Virginia Football,College Football,54.0,Virginia Tech Football,43.0,11.0
51019,Bedford,Virginia Football,College Football,54.0,Virginia Tech Football,43.0,11.0
51005,Alleghany,Virginia Football,College Football,54.0,Virginia Tech Football,43.0,11.0
51009,Amherst,Virginia Football,College Football,54.0,Virginia Tech Football,43.0,11.0
51011,Appomattox,Virginia Football,College Football,54.0,Virginia Tech Football,43.0,11.0
51017,Bath,Virginia Football,College Football,54.0,Virginia Tech Football,43.0,11.0
51023,Botetourt,Virginia Football,College Football,54.0,Virginia Tech Football,43.0,11.0
51071,Giles,Virginia Football,College Football,54.0,Virginia Tech Football,43.0,11.0
51021,Bland,Virginia Football,College Football,54.0,Virginia Tech Football,43.0,11.0
51063,Floyd,Virginia Football,College Football,54.0,Virginia Tech Football,43.0,11.0
55133,Waukesha,Wisconsin Football,College Football,52.0,Wisconsin Basketball,43.0,9.0
55127,Walworth,Wisconsin Football,College Football,52.0,Wisconsin Basketball,43.0,9.0
55059,Kenosha,Wisconsin Football,College Football,52.0,Wisconsin Basketball,43.0,9.0
55089,Ozaukee,Wisconsin Football,College Football,52.0,Wisconsin Basketball,43.0,9.0
55117,Sheboygan,Wisconsin Football,College Football,52.0,Wisconsin Basketball,43.0,9.0
55131,Washington,Wisconsin Football,College Football,52.0,Wisconsin Basketball,43.0,9.0
55079,Milwaukee,Wisconsin Football,College Football,52.0,Wisconsin Basketball,43.0,9.0
55101,Racine,Wisconsin Football,College Football,52.0,Wisconsin Basketball,43.0,9.0
55055,Jefferson,Wisconsin Football,College Football,52.0,Wisconsin Basketball,43.0,9.0
55027,Dodge,Wisconsin Football,College Football,52.0,Wisconsin Basketball,43.0,9.0
20177,Shawnee,Kansas State Football,College Football,51.0,Kansas State Basketball,39.0,12.0
20013,Brown,Kansas State Football,College Football,51.0,Kansas State Basketball,39.0,12.0
20201,Washington,Kansas State Football,College Football,51.0,Kansas State Basketball,39.0,12.0
20139,Osage,Kansas State Football,College Football,51.0,Kansas State Basketball,39.0,12.0
20061,Geary,Kansas State Football,College Football,51.0,Kansas State Basketball,39.0,12.0
20085,Jackson,Kansas State Football,College Football,51.0,Kansas State Basketball,39.0,12.0
20131,Nemaha,Kansas State Football,College Football,51.0,Kansas State Basketball,39.0,12.0
18007,Benton,LSU Football,College Football,51.0,Michigan Football,27.55,23.45
22045,Iberia,LSU Football,College Football,51.0,Michigan Football,27.55,23.45
20087,Jefferson,Kansas State Football,College Football,51.0,Kansas State Basketball,39.0,12.0
20149,Pottawatomie,Kansas State Football,College Football,51.0,Kansas State Basketball,39.0,12.0
22053,Jefferson Davis,LSU Football,College Football,51.0,Michigan Football,27.55,23.45
20027,Clay,Kansas State Football,College Football,51.0,Kansas State Basketball,39.0,12.0
22001,Acadia,LSU Football,College Football,51.0,Michigan Football,27.55,23.45
20197,Wabaunsee,Kansas State Football,College Football,51.0,Kansas State Basketball,39.0,12.0
22113,Vermilion,LSU Football,College Football,51.0,Michigan Football,27.55,23.45
20029,Cloud,Kansas State Football,College Football,51.0,Kansas State Basketball,39.0,12.0
20031,Coffey,Kansas State Football,College Football,51.0,Kansas State Basketball,39.0,12.0
22039,Evangeline,LSU Football,College Football,51.0,Michigan Football,27.55,23.45
20127,Morris,Kansas State Football,College Football,51.0,Kansas State Basketball,39.0,12.0
18157,Tippecanoe,LSU Football,College Football,51.0,Michigan Football,27.55,23.45
18171,Warren,LSU Football,College Football,51.0,Michigan Football,27.55,23.45
20117,Marshall,Kansas State Football,College Football,51.0,Kansas State Basketball,39.0,12.0
20161,Riley,Kansas State Football,College Football,51.0,Kansas State Basketball,39.0,12.0
20111,Lyon,Kansas State Football,College Football,51.0,Kansas State Basketball,39.0,12.0
22055,Lafayette,LSU Football,College Football,51.0,Michigan Football,27.55,23.45
22097,Saint Landry,LSU Football,College Football,51.0,Michigan Football,27.55,23.45
22099,Saint Martin,LSU Football,College Football,51.0,Michigan Football,27.55,23.45
01043,Cullman,LSU Football,College Football,50.0,Tennessee Football,39.0,11.0
20193,Thomas,Kansas Football,College Football,50.0,Kansas Basketball,46.0,4.0
20009,Barton,Kansas Football,College Football,50.0,Kansas Basketball,46.0,4.0
20195,Trego,Kansas Football,College Football,50.0,Kansas Basketball,46.0,4.0
01057,Fayette,LSU Football,College Football,50.0,Texas Football,39.0,11.0
20039,Decatur,Kansas Football,College Football,50.0,Kansas Basketball,46.0,4.0
20187,Stanton,Kansas Football,College Football,50.0,Kansas Basketball,46.0,4.0
20189,Stevens,Kansas Football,College Football,50.0,Kansas Basketball,46.0,4.0
01009,Blount,LSU Football,College Football,50.0,Texas Football,39.0,11.0
20179,Sheridan,Kansas Football,College Football,50.0,Kansas Basketball,46.0,4.0
20035,Cowley,Kansas Football,College Football,50.0,Kansas Basketball,46.0,4.0
01093,Marion,LSU Football,College Football,50.0,Tennessee Football,39.0,11.0
01107,Pickens,LSU Football,College Football,50.0,Texas Football,39.0,11.0
20025,Clark,Kansas Football,College Football,50.0,Kansas Basketball,46.0,4.0
20033,Comanche,Kansas Football,College Football,50.0,Kansas Basketball,46.0,4.0
20181,Sherman,Kansas Football,College Football,50.0,Kansas Basketball,46.0,4.0
20165,Rush,Kansas Football,College Football,50.0,Kansas Basketball,46.0,4.0
20175,Seward,Kansas Football,College Football,50.0,Kansas Basketball,46.0,4.0
20155,Reno,Kansas Football,College Football,50.0,Kansas Basketball,46.0,4.0
01065,Hale,LSU Football,College Football,50.0,Tennessee Football,39.0,11.0
20143,Ottawa,Kansas Football,College Football,50.0,Kansas Basketball,46.0,4.0
20145,Pawnee,Kansas Football,College Football,50.0,Kansas Basketball,46.0,4.0
20135,Ness,Kansas Football,College Football,50.0,Kansas Basketball,46.0,4.0
20137,Norton,Kansas Football,College Football,50.0,Kansas Basketball,46.0,4.0
01019,Cherokee,LSU Football,College Football,50.0,Tennessee Football,39.0,11.0
20203,Wichita,Kansas Football,College Football,50.0,Kansas Basketball,46.0,4.0
20073,Greenwood,Kansas Football,College Football,50.0,Kansas Basketball,46.0,4.0
20067,Grant,Kansas Football,College Football,50.0,Kansas Basketball,46.0,4.0
01055,Etowah,LSU Football,College Football,50.0,Tennessee Football,39.0,11.0
20063,Gove,Kansas Football,College Football,50.0,Kansas Basketball,46.0,4.0
20185,Stafford,Kansas Football,College Football,50.0,Kansas Basketball,46.0,4.0
20199,Wallace,Kansas Football,College Football,50.0,Kansas Basketball,46.0,4.0
20065,Graham,Kansas Football,College Football,50.0,Kansas Basketball,46.0,4.0
20057,Ford,Kansas Football,College Football,50.0,Kansas Basketball,46.0,4.0
01015,Calhoun,LSU Football,College Football,50.0,Texas Football,39.0,11.0
20055,Finney,Kansas Football,College Football,50.0,Kansas Basketball,46.0,4.0
20191,Sumner,Kansas Football,College Football,50.0,Kansas Basketball,46.0,4.0
01007,Bibb,LSU Football,College Football,50.0,Tennessee Football,39.0,11.0
20053,Ellsworth,Kansas Football,College Football,50.0,Kansas Basketball,46.0,4.0
20049,Elk,Kansas Football,College Football,50.0,Kansas Basketball,46.0,4.0
20051,Ellis,Kansas Football,College Football,50.0,Kansas Basketball,46.0,4.0
01115,Saint Clair,LSU Football,College Football,50.0,Texas Football,39.0,11.0
20041,Dickinson,Kansas Football,College Football,50.0,Kansas Basketball,46.0,4.0
01117,Shelby,LSU Football,College Football,50.0,Tennessee Football,39.0,11.0
20047,Edwards,Kansas Football,College Football,50.0,Kansas Basketball,46.0,4.0
01037,Coosa,LSU Football,College Football,50.0,Texas Football,39.0,11.0
20081,Haskell,Kansas Football,College Football,50.0,Kansas Basketball,46.0,4.0
20083,Hodgeman,Kansas Football,College Football,50.0,Kansas Basketball,46.0,4.0
20069,Gray,Kansas Football,College Football,50.0,Kansas Basketball,46.0,4.0
20141,Osborne,Kansas Football,College Football,50.0,Kansas Basketball,46.0,4.0
20129,Morton,Kansas Football,College Football,50.0,Kansas Basketball,46.0,4.0
01121,Talladega,LSU Football,College Football,50.0,Tennessee Football,39.0,11.0
01073,Jefferson,LSU Football,College Football,50.0,Tennessee Football,39.0,11.0
31057,Dundy,Kansas Football,College Football,50.0,Kansas Basketball,46.0,4.0
01021,Chilton,LSU Football,College Football,50.0,Tennessee Football,39.0,11.0
20119,Meade,Kansas Football,College Football,50.0,Kansas Basketball,46.0,4.0
20075,Hamilton,Kansas Football,College Football,50.0,Kansas Basketball,46.0,4.0
01125,Tuscaloosa,LSU Football,College Football,50.0,Tennessee Football,39.0,11.0
20079,Harvey,Kansas Football,College Football,50.0,Kansas Basketball,46.0,4.0
20077,Harper,Kansas Football,College Football,50.0,Kansas Basketball,46.0,4.0
01127,Walker,LSU Football,College Football,50.0,Tennessee Football,39.0,11.0
20151,Pratt,Kansas Football,College Football,50.0,Kansas Basketball,46.0,4.0
01027,Clay,LSU Football,College Football,50.0,Tennessee Football,39.0,11.0
20071,Greeley,Kansas Football,College Football,50.0,Kansas Basketball,46.0,4.0
20093,Kearny,Kansas Football,College Football,50.0,Kansas Basketball,46.0,4.0
20105,Lincoln,Kansas Football,College Football,50.0,Kansas Basketball,46.0,4.0
20101,Lane,Kansas Football,College Football,50.0,Kansas Basketball,46.0,4.0
20095,Kingman,Kansas Football,College Football,50.0,Kansas Basketball,46.0,4.0
20097,Kiowa,Kansas Football,College Football,50.0,Kansas Basketball,46.0,4.0
01133,Winston,LSU Football,College Football,50.0,Texas Football,39.0,11.0
20115,Marion,Kansas Football,College Football,50.0,Kansas Basketball,46.0,4.0
20109,Logan,Kansas Football,College Football,50.0,Kansas Basketball,46.0,4.0
01063,Greene,LSU Football,College Football,50.0,Tennessee Football,39.0,11.0
20123,Mitchell,Kansas Football,College Football,50.0,Kansas Basketball,46.0,4.0
20113,McPherson,Kansas Football,College Football,50.0,Kansas Basketball,46.0,4.0
20017,Chase,Kansas Football,College Football,50.0,Kansas Basketball,46.0,4.0
20023,Cheyenne,Kansas Football,College Football,50.0,Kansas Basketball,46.0,4.0
20007,Barber,Kansas Football,College Football,50.0,Kansas Basketball,46.0,4.0
20173,Sedgwick,Kansas Football,College Football,50.0,Kansas Basketball,46.0,4.0
20015,Butler,Kansas Football,College Football,50.0,Kansas Basketball,46.0,4.0
20159,Rice,Kansas Football,College Football,50.0,Kansas Basketball,46.0,4.0
20171,Scott,Kansas Football,College Football,50.0,Kansas Basketball,46.0,4.0
20167,Russell,Kansas Football,College Football,50.0,Kansas Basketball,46.0,4.0
20169,Saline,Kansas Football,College Football,50.0,Kansas Basketball,46.0,4.0
20153,Rawlins,Kansas Football,College Football,50.0,Kansas Basketball,46.0,4.0
20163,Rooks,Kansas Football,College Football,50.0,Kansas Basketball,46.0,4.0
47063,Hamblen,Alabama Football,College Football,49.0,Georgia Football,47.0,2.0
13077,Coweta,Alabama Football,College Football,49.0,Tennessee Football,21.5,27.5
13079,Crawford,Alabama Football,College Football,49.0,Tennessee Football,21.5,27.5
13081,Crisp,Alabama Football,College Football,49.0,Texas Football,15.0,34.0
47105,Loudon,Alabama Football,College Football,49.0,Georgia Football,47.0,2.0
13037,Calhoun,Alabama Football,College Football,49.0,Texas Football,15.0,34.0
28091,Marion,LSU Football,College Football,49.0,Alabama Football,49.0,0.0
28067,Jones,Alabama Football,College Football,49.0,LSU Football,49.0,0.0
13151,Henry,Alabama Football,College Football,49.0,Tennessee Football,21.5,27.5
47127,Moore,Alabama Football,College Football,49.0,Georgia Football,41.0,8.0
13013,Barrow,Alabama Football,College Football,49.0,Tennessee Football,21.5,27.5
13153,Houston,Alabama Football,College Football,49.0,Tennessee Football,21.5,27.5
21213,Simpson,Alabama Football,College Football,49.0,Georgia Football,41.0,8.0
55121,Trempealeau,Wisconsin Basketball,College Basketball,49.0,Wisconsin Football,47.0,2.0
21219,Todd,Alabama Football,College Football,49.0,Georgia Football,41.0,8.0
55081,Monroe,Wisconsin Basketball,College Basketball,49.0,Wisconsin Football,47.0,2.0
13149,Heard,Alabama Football,College Football,49.0,Tennessee Football,21.5,27.5
47035,Cumberland,Alabama Football,College Football,49.0,Georgia Football,47.0,2.0
13273,Terrell,Alabama Football,College Football,49.0,Texas Football,15.0,34.0
55035,Eau Claire,Wisconsin Basketball,College Basketball,49.0,Wisconsin Football,47.0,2.0
47087,Jackson,Alabama Football,College Football,49.0,Georgia Football,41.0,8.0
47145,Roane,Alabama Football,College Football,49.0,Georgia Football,47.0,2.0
28035,Forrest,LSU Football,College Football,49.0,Alabama Football,49.0,0.0
21053,Clinton,Alabama Football,College Football,49.0,Georgia Football,41.0,8.0
21057,Cumberland,Alabama Football,College Football,49.0,Georgia Football,41.0,8.0
47029,Cocke,Alabama Football,College Football,49.0,Georgia Football,47.0,2.0
13023,Bleckley,Alabama Football,College Football,49.0,Tennessee Football,21.5,27.5
47031,Coffee,Alabama Football,College Football,49.0,Georgia Football,41.0,8.0
13281,Towns,Alabama Football,College Football,49.0,Tennessee Football,21.5,27.5
28111,Perry,LSU Football,College Football,49.0,Alabama Football,49.0,0.0
13283,Treutlen,Alabama Football,College Football,49.0,Tennessee Football,21.5,27.5
13285,Troup,Alabama Football,College Football,49.0,Tennessee Football,21.5,27.5
13287,Turner,Alabama Football,College Football,49.0,Texas Football,15.0,34.0
47147,Robertson,Alabama Football,College Football,49.0,Georgia Football,41.0,8.0
13277,Tift,Alabama Football,College Football,49.0,Texas Football,15.0,34.0
47085,Humphreys,Alabama Football,College Football,49.0,Georgia Football,41.0,8.0
13269,Taylor,Alabama Football,College Football,49.0,Tennessee Football,21.5,27.5
13271,Telfair,Alabama Football,College Football,49.0,Tennessee Football,21.5,27.5
47027,Clay,Alabama Football,College Football,49.0,Georgia Football,41.0,8.0
13111,Fannin,Alabama Football,College Football,49.0,Tennessee Football,21.5,27.5
47165,Sumner,Alabama Football,College Football,49.0,Georgia Football,41.0,8.0
21047,Christian,Alabama Football,College Football,49.0,Georgia Football,41.0,8.0
13055,Chattooga,Alabama Football,College Football,49.0,Tennessee Football,21.5,27.5
47083,Houston,Alabama Football,College Football,49.0,Georgia Football,41.0,8.0
13057,Cherokee,Alabama Football,College Football,49.0,Tennessee Football,21.5,27.5
47117,Marshall,Alabama Football,College Football,49.0,Georgia Football,41.0,8.0
13255,Spalding,Alabama Football,College Football,49.0,Tennessee Football,21.5,27.5
13247,Rockdale,Alabama Football,College Football,49.0,Tennessee Football,21.5,27.5
13115,Floyd,Alabama Football,College Football,49.0,Tennessee Football,21.5,27.5
13009,Baldwin,Alabama Football,College Football,49.0,Tennessee Football,21.5,27.5
47149,Rutherford,Alabama Football,College Football,49.0,Georgia Football,41.0,8.0
28031,Covington,LSU Football,College Football,49.0,Alabama Football,49.0,0.0
47081,Hickman,Alabama Football,College Football,49.0,Georgia Football,41.0,8.0
47089,Jefferson,Alabama Football,College Football,49.0,Georgia Football,47.0,2.0
47129,Morgan,Alabama Football,College Football,49.0,Georgia Football,47.0,2.0
27055,Houston,Wisconsin Basketball,College Basketball,49.0,Wisconsin Football,47.0,2.0
13293,Upson,Alabama Football,College Football,49.0,Tennessee Football,21.5,27.5
13297,Walton,Alabama Football,College Football,49.0,Tennessee Football,21.5,27.5
47111,Macon,Alabama Football,College Football,49.0,Georgia Football,41.0,8.0
13289,Twiggs,Alabama Football,College Football,49.0,Tennessee Football,21.5,27.5
13291,Union,Alabama Football,College Football,49.0,Tennessee Football,21.5,27.5
55053,Jackson,Wisconsin Basketball,College Basketball,49.0,Wisconsin Football,47.0,2.0
47169,Trousdale,Alabama Football,College Football,49.0,Georgia Football,41.0,8.0
47025,Claiborne,Alabama Football,College Football,49.0,Georgia Football,47.0,2.0
13113,Fayette,Alabama Football,College Football,49.0,Tennessee Football,21.5,27.5
13059,Clarke,Alabama Football,College Football,49.0,Tennessee Football,21.5,27.5
13237,Putnam,Alabama Football,College Football,49.0,Tennessee Football,21.5,27.5
13241,Rabun,Alabama Football,College Football,49.0,Tennessee Football,21.5,27.5
47137,Pickett,Alabama Football,College Football,49.0,Georgia Football,41.0,8.0
13003,Atkinson,Alabama Football,College Football,49.0,Texas Football,15.0,34.0
13233,Polk,Alabama Football,College Football,49.0,Tennessee Football,21.5,27.5
47181,Wayne,Alabama Football,College Football,49.0,Georgia Football,41.0,8.0
47151,Scott,Alabama Football,College Football,49.0,Georgia Football,47.0,2.0
13235,Pulaski,Alabama Football,College Football,49.0,Tennessee Football,21.5,27.5
13225,Peach,Alabama Football,College Football,49.0,Tennessee Football,21.5,27.5
13227,Pickens,Alabama Football,College Football,49.0,Tennessee Football,21.5,27.5
28153,Wayne,LSU Football,College Football,49.0,Alabama Football,49.0,0.0
13231,Pike,Alabama Football,College Football,49.0,Tennessee Football,21.5,27.5
13019,Berrien,Alabama Football,College Football,49.0,Texas Football,15.0,34.0
47037,Davidson,Alabama Football,College Football,49.0,Georgia Football,41.0,8.0
13095,Dougherty,Alabama Football,College Football,49.0,Texas Football,15.0,34.0
47041,Dekalb,Alabama Football,College Football,49.0,Georgia Football,41.0,8.0
13097,Douglas,Alabama Football,College Football,49.0,Tennessee Football,21.5,27.5
13309,Wheeler,Alabama Football,College Football,49.0,Tennessee Football,21.5,27.5
13045,Carroll,Alabama Football,College Football,49.0,Tennessee Football,21.5,27.5
21003,Allen,Alabama Football,College Football,49.0,Georgia Football,41.0,8.0
55023,Crawford,Wisconsin Basketball,College Basketball,49.0,Wisconsin Football,47.0,2.0
13303,Washington,Alabama Football,College Football,49.0,Tennessee Football,21.5,27.5
21013,Bell,Alabama Football,College Football,49.0,Georgia Football,47.0,2.0
47119,Maury,Alabama Football,College Football,49.0,Georgia Football,41.0,8.0
13121,Fulton,Alabama Football,College Football,49.0,Tennessee Football,21.5,27.5
47015,Cannon,Alabama Football,College Football,49.0,Georgia Football,41.0,8.0
13123,Gilmer,Alabama Football,College Football,49.0,Tennessee Football,21.5,27.5
47021,Cheatham,Alabama Football,College Football,49.0,Georgia Football,41.0,8.0
13117,Forsyth,Alabama Football,College Football,49.0,Tennessee Football,21.5,27.5
27169,Winona,Wisconsin Basketball,College Basketball,49.0,Wisconsin Football,47.0,2.0
21095,Harlan,Alabama Football,College Football,49.0,Georgia Football,47.0,2.0
13219,Oconee,Alabama Football,College Football,49.0,Tennessee Football,21.5,27.5
13221,Oglethorpe,Alabama Football,College Football,49.0,Tennessee Football,21.5,27.5
47135,Perry,Alabama Football,College Football,49.0,Georgia Football,41.0,8.0
47039,Decatur,Alabama Football,College Football,49.0,Georgia Football,41.0,8.0
13069,Coffee,Alabama Football,College Football,49.0,Texas Football,15.0,34.0
13071,Colquitt,Alabama Football,College Football,49.0,Texas Football,15.0,34.0
55107,Rusk,Wisconsin Basketball,College Basketball,49.0,Wisconsin Football,47.0,2.0
13091,Dodge,Alabama Football,College Football,49.0,Tennessee Football,21.5,27.5
13093,Dooly,Alabama Football,College Football,49.0,Tennessee Football,21.5,27.5
47067,Hancock,Alabama Football,College Football,49.0,Georgia Football,47.0,2.0
13223,Paulding,Alabama Football,College Football,49.0,Tennessee Football,21.5,27.5
13021,Bibb,Alabama Football,College Football,49.0,Tennessee Football,21.5,27.5
13217,Newton,Alabama Football,College Football,49.0,Tennessee Football,21.5,27.5
13211,Morgan,Alabama Football,College Football,49.0,Tennessee Football,21.5,27.5
01029,Cleburne,Alabama Football,College Football,49.0,Tennessee Football,21.5,27.5
28073,Lamar,LSU Football,College Football,49.0,Alabama Football,49.0,0.0
47161,Stewart,Alabama Football,College Football,49.0,Georgia Football,41.0,8.0
55019,Clark,Wisconsin Basketball,College Basketball,49.0,Wisconsin Football,47.0,2.0
47043,Dickson,Alabama Football,College Football,49.0,Georgia Football,41.0,8.0
47049,Fentress,Alabama Football,College Football,49.0,Georgia Football,47.0,2.0
47177,Warren,Alabama Football,College Football,49.0,Georgia Football,41.0,8.0
47175,Van Buren,Alabama Football,College Football,49.0,Georgia Football,41.0,8.0
13319,Wilkinson,Alabama Football,College Football,49.0,Tennessee Football,21.5,27.5
13321,Worth,Alabama Football,College Football,49.0,Texas Football,15.0,34.0
47093,Knox,Alabama Football,College Football,49.0,Georgia Football,47.0,2.0
13311,White,Alabama Football,College Football,49.0,Tennessee Football,21.5,27.5
13315,Wilcox,Alabama Football,College Football,49.0,Tennessee Football,21.5,27.5
47013,Campbell,Alabama Football,College Football,49.0,Georgia Football,47.0,2.0
47009,Blount,Alabama Football,College Football,49.0,Georgia Football,47.0,2.0
13129,Gordon,Alabama Football,College Football,49.0,Tennessee Football,21.5,27.5
13205,Mitchell,Alabama Football,College Football,49.0,Texas Football,15.0,34.0
13207,Monroe,Alabama Football,College Football,49.0,Tennessee Football,21.5,27.5
55063,La Crosse,Wisconsin Basketball,College Basketball,49.0,Wisconsin Football,47.0,2.0
13195,Madison,Alabama Football,College Football,49.0,Tennessee Football,21.5,27.5
13199,Meriwether,Alabama Football,College Football,49.0,Tennessee Football,21.5,27.5
13067,Cobb,Alabama Football,College Football,49.0,Tennessee Football,21.5,27.5
55091,Pepin,Wisconsin Basketball,College Basketball,49.0,Wisconsin Football,47.0,2.0
13193,Macon,Alabama Football,College Football,49.0,Tennessee Football,21.5,27.5
47125,Montgomery,Alabama Football,College Football,49.0,Georgia Football,41.0,8.0
13187,Lumpkin,Alabama Football,College Football,49.0,Tennessee Football,21.5,27.5
21141,Logan,Alabama Football,College Football,49.0,Georgia Football,41.0,8.0
47155,Sevier,Alabama Football,College Football,49.0,Georgia Football,47.0,2.0
13011,Banks,Alabama Football,College Football,49.0,Tennessee Football,21.5,27.5
28061,Jasper,LSU Football,College Football,49.0,Alabama Football,49.0,0.0
37043,Clay,Alabama Football,College Football,49.0,Tennessee Football,21.5,27.5
47141,Putnam,Alabama Football,College Football,49.0,Georgia Football,41.0,8.0
47101,Lewis,Alabama Football,College Football,49.0,Georgia Football,41.0,8.0
55017,Chippewa,Wisconsin Basketball,College Basketball,49.0,Wisconsin Football,47.0,2.0
47099,Lawrence,Alabama Football,College Football,49.0,Georgia Football,41.0,8.0
47003,Bedford,Alabama Football,College Football,49.0,Georgia Football,41.0,8.0
47133,Overton,Alabama Football,College Football,49.0,Georgia Football,41.0,8.0
13007,Baker,Alabama Football,College Football,49.0,Texas Football,15.0,34.0
13015,Bartow,Alabama Football,College Football,49.0,Tennessee Football,21.5,27.5
13175,Laurens,Alabama Football,College Football,49.0,Tennessee Football,21.5,27.5
21147,McCreary,Alabama Football,College Football,49.0,Georgia Football,47.0,2.0
01111,Randolph,Alabama Football,College Football,49.0,Tennessee Football,21.5,27.5
13177,Lee,Alabama Football,College Football,49.0,Texas Football,15.0,34.0
47079,Henry,Alabama Football,College Football,49.0,Georgia Football,41.0,8.0
13063,Clayton,Alabama Football,College Football,49.0,Tennessee Football,21.5,27.5
13171,Lamar,Alabama Football,College Football,49.0,Tennessee Football,21.5,27.5
47005,Benton,Alabama Football,College Football,49.0,Georgia Football,41.0,8.0
13133,Greene,Alabama Football,College Football,49.0,Tennessee Football,21.5,27.5
47185,White,Alabama Football,College Football,49.0,Georgia Football,41.0,8.0
47123,Monroe,Alabama Football,College Football,49.0,Georgia Football,47.0,2.0
13017,Ben Hill,Alabama Football,College Football,49.0,Texas Football,15.0,34.0
47187,Williamson,Alabama Football,College Football,49.0,Georgia Football,41.0,8.0
13169,Jones,Alabama Football,College Football,49.0,Tennessee Football,21.5,27.5
13159,Jasper,Alabama Football,College Football,49.0,Tennessee Football,21.5,27.5
55123,Vernon,Wisconsin Basketball,College Basketball,49.0,Wisconsin Football,47.0,2.0
13035,Butts,Alabama Football,College Football,49.0,Tennessee Football,21.5,27.5
47051,Franklin,Alabama Football,College Football,49.0,Georgia Football,41.0,8.0
13089,Dekalb,Alabama Football,College Football,49.0,Tennessee Football,21.5,27.5
47057,Grainger,Alabama Football,College Football,49.0,Georgia Football,47.0,2.0
47055,Giles,Alabama Football,College Football,49.0,Georgia Football,41.0,8.0
13085,Dawson,Alabama Football,College Football,49.0,Tennessee Football,21.5,27.5
47173,Union,Alabama Football,College Football,49.0,Georgia Football,47.0,2.0
55011,Buffalo,Wisconsin Basketball,College Basketball,49.0,Wisconsin Football,47.0,2.0
13137,Habersham,Alabama Football,College Football,49.0,Tennessee Football,21.5,27.5
13139,Hall,Alabama Football,College Football,49.0,Tennessee Football,21.5,27.5
21221,Trigg,Alabama Football,College Football,49.0,Georgia Football,41.0,8.0
13141,Hancock,Alabama Football,College Football,49.0,Tennessee Football,21.5,27.5
13143,Haralson,Alabama Football,College Football,49.0,Tennessee Football,21.5,27.5
13135,Gwinnett,Alabama Football,College Football,49.0,Tennessee Football,21.5,27.5
47001,Anderson,Alabama Football,College Football,49.0,Georgia Football,47.0,2.0
13167,Johnson,Alabama Football,College Football,49.0,Tennessee Football,21.5,27.5
13155,Irwin,Alabama Football,College Football,49.0,Texas Football,15.0,34.0
47159,Smith,Alabama Football,College Football,49.0,Georgia Football,41.0,8.0
47189,Wilson,Alabama Football,College Football,49.0,Georgia Football,41.0,8.0
21171,Monroe,Alabama Football,College Football,49.0,Georgia Football,41.0,8.0
13157,Jackson,Alabama Football,College Football,49.0,Tennessee Football,21.5,27.5
13075,Cook,Alabama Football,College Football,49.0,Texas Football,15.0,34.0
48115,Dawson,Texas Tech Football,College Football,48.0,Texas Football,47.0,1.0
48125,Dickens,Texas Tech Football,College Football,48.0,Texas Football,47.0,1.0
48107,Crosby,Texas Tech Football,College Football,48.0,Texas Football,47.0,1.0
48279,Lamb,Texas Tech Football,College Football,48.0,Texas Football,47.0,1.0
48263,Kent,Texas Tech Football,College Football,48.0,Texas Football,47.0,1.0
48303,Lubbock,Texas Tech Football,College Football,48.0,Texas Football,47.0,1.0
48305,Lynn,Texas Tech Football,College Football,48.0,Texas Football,47.0,1.0
48189,Hale,Texas Tech Football,College Football,48.0,Texas Football,47.0,1.0
48017,Bailey,Texas Tech Football,College Football,48.0,Texas Football,47.0,1.0
48445,Terry,Texas Tech Football,College Football,48.0,Texas Football,47.0,1.0
48033,Borden,Texas Tech Football,College Football,48.0,Texas Football,47.0,1.0
48219,Hockley,Texas Tech Football,College Football,48.0,Texas Football,47.0,1.0
48079,Cochran,Texas Tech Football,College Football,48.0,Texas Football,47.0,1.0
48345,Motley,Texas Tech Football,College Football,48.0,Texas Football,47.0,1.0
48153,Floyd,Texas Tech Football,College Football,48.0,Texas Football,47.0,1.0
48169,Garza,Texas Tech Football,College Football,48.0,Texas Football,47.0,1.0
48165,Gaines,Texas Tech Football,College Football,48.0,Texas Football,47.0,1.0
48501,Yoakum,Texas Tech Football,College Football,48.0,Texas Football,47.0,1.0
40045,Ellis,Oklahoma Football,College Football,46.5,Oklahoma State Football,27.333333333333332,19.166666666666668
40047,Garfield,Oklahoma Football,College Football,46.5,Oklahoma State Football,27.333333333333332,19.166666666666668
40049,Garvin,Oklahoma Football,College Football,46.5,Oklahoma State Football,27.333333333333332,19.166666666666668
40011,Blaine,Oklahoma Football,College Football,46.5,Oklahoma State Football,27.333333333333332,19.166666666666668
40009,Beckham,Oklahoma Football,College Football,46.5,Oklahoma State Football,27.333333333333332,19.166666666666668
40015,Caddo,Oklahoma Football,College Football,46.5,Oklahoma State Football,27.333333333333332,19.166666666666668
40003,Alfalfa,Oklahoma Football,College Football,46.5,Oklahoma State Football,27.333333333333332,19.166666666666668
40109,Oklahoma,Oklahoma Football,College Football,46.5,Oklahoma State Football,27.333333333333332,19.166666666666668
40027,Cleveland,Oklahoma Football,College Football,46.5,Oklahoma State Football,27.333333333333332,19.166666666666668
40153,Woodward,Oklahoma Football,College Football,46.5,Oklahoma State Football,27.333333333333332,19.166666666666668
40151,Woods,Oklahoma Football,College Football,46.5,Oklahoma State Football,27.333333333333332,19.166666666666668
40043,Dewey,Oklahoma Football,College Football,46.5,Oklahoma State Football,27.333333333333332,19.166666666666668
40039,Custer,Oklahoma Football,College Football,46.5,Oklahoma State Football,27.333333333333332,19.166666666666668
40017,Canadian,Oklahoma Football,College Football,46.5,Oklahoma State Football,27.333333333333332,19.166666666666668
40059,Harper,Oklahoma Football,College Football,46.5,Oklahoma State Football,27.333333333333332,19.166666666666668
40051,Grady,Oklahoma Football,College Football,46.5,Oklahoma State Football,27.333333333333332,19.166666666666668
40055,Greer,Oklahoma Football,College Football,46.5,Oklahoma State Football,27.333333333333332,19.166666666666668
40053,Grant,Oklahoma Football,College Football,46.5,Oklahoma State Football,27.333333333333332,19.166666666666668
40073,Kingfisher,Oklahoma Football,College Football,46.5,Oklahoma State Football,27.333333333333332,19.166666666666668
40071,Kay,Oklahoma Football,College Football,46.5,Oklahoma State Football,27.333333333333332,19.166666666666668
40075,Kiowa,Oklahoma Football,College Football,46.5,Oklahoma State Football,27.333333333333332,19.166666666666668
40057,Harmon,Oklahoma Football,College Football,46.5,Oklahoma State Football,27.333333333333332,19.166666666666668
40125,Pottawatomie,Oklahoma Football,College Football,46.5,Oklahoma State Football,27.333333333333332,19.166666666666668
40133,Seminole,Oklahoma Football,College Football,46.5,Oklahoma State Football,27.333333333333332,19.166666666666668
40129,Roger Mills,Oklahoma Football,College Football,46.5,Oklahoma State Football,27.333333333333332,19.166666666666668
40063,Hughes,Oklahoma Football,College Football,46.5,Oklahoma State Football,27.333333333333332,19.166666666666668
40087,McClain,Oklahoma Football,College Football,46.5,Oklahoma State Football,27.333333333333332,19.166666666666668
40083,Logan,Oklahoma Football,College Football,46.5,Oklahoma State Football,27.333333333333332,19.166666666666668
40103,Noble,Oklahoma Football,College Football,46.5,Oklahoma State Football,27.333333333333332,19.166666666666668
40099,Murray,Oklahoma Football,College Football,46.5,Oklahoma State Football,27.333333333333332,19.166666666666668
40081,Lincoln,Oklahoma Football,College Football,46.5,Oklahoma State Football,27.333333333333332,19.166666666666668
40119,Payne,Oklahoma Football,College Football,46.5,Oklahoma State Football,27.333333333333332,19.166666666666668
40093,Major,Oklahoma Football,College Football,46.5,Oklahoma State Football,27.333333333333332,19.166666666666668
40149,Washita,Oklahoma Football,College Football,46.5,Oklahoma State Football,27.333333333333332,19.166666666666668
29075,Gentry,Kansas Football,College Football,46.0,Kansas Basketball,46.0,0.0
20107,Linn,Kansas Football,College Football,46.0,Kansas Basketball,46.0,0.0
29147,Nodaway,Kansas Football,College Football,46.0,Kansas Basketball,46.0,0.0
01031,Coffee,Texas Football,College Football,46.0,Tennessee Football,32.0,14.0
29227,Worth,Kansas Football,College Football,46.0,Kansas Basketball,46.0,0.0
29195,Saline,Kansas Football,College Football,46.0,Kansas Basketball,46.0,0.0
20059,Franklin,Kansas Football,College Football,46.0,Kansas Basketball,46.0,0.0
29083,Henry,Kansas Basketball,College Basketball,46.0,Kansas Football,46.0,0.0
29061,Daviess,Kansas Football,College Football,46.0,Kansas Basketball,46.0,0.0
29087,Holt,Kansas Football,College Football,46.0,Kansas Basketball,46.0,0.0
01067,Henry,Texas Football,College Football,46.0,Tennessee Football,32.0,14.0
29079,Grundy,Kansas Football,College Football,46.0,Kansas Basketball,46.0,0.0
29081,Harrison,Kansas Football,College Football,46.0,Kansas Basketball,46.0,0.0
29129,Mercer,Kansas Football,College Football,46.0,Kansas Basketball,46.0,0.0
01045,Dale,Texas Football,College Football,46.0,Tennessee Football,32.0,14.0
20121,Miami,Kansas Football,College Football,46.0,Kansas Basketball,46.0,0.0
29107,Lafayette,Kansas Football,College Football,46.0,Kansas Basketball,46.0,0.0
29033,Carroll,Kansas Football,College Football,46.0,Kansas Basketball,46.0,0.0
20103,Leavenworth,Kansas Football,College Football,46.0,Kansas Basketball,46.0,0.0
45043,Georgetown,Clemson Football,College Football,46.0,South Carolina Football,26.0,20.0
01069,Houston,Texas Football,College Football,46.0,Tennessee Football,32.0,14.0
45089,Williamsburg,Clemson Football,College Football,46.0,South Carolina Football,26.0,20.0
01061,Geneva,Texas Football,College Football,46.0,Tennessee Football,32.0,14.0
29037,Cass,Kansas Football,College Football,46.0,Kansas Basketball,46.0,0.0
29095,Jackson,Kansas Football,College Football,46.0,Kansas Basketball,46.0,0.0
29115,Linn,Kansas Football,College Football,46.0,Kansas Basketball,46.0,0.0
29117,Livingston,Kansas Football,College Football,46.0,Kansas Basketball,46.0,0.0
29101,Johnson,Kansas Basketball,College Basketball,46.0,Kansas Football,46.0,0.0
45029,Colleton,Clemson Football,College Football,46.0,South Carolina Football,26.0,20.0
45035,Dorchester,Clemson Football,College Football,46.0,South Carolina Football,26.0,20.0
29013,Bates,Kansas Football,College Football,46.0,Kansas Basketball,46.0,0.0
29159,Pettis,Kansas Football,College Football,46.0,Kansas Basketball,46.0,0.0
29025,Caldwell,Kansas Football,College Football,46.0,Kansas Basketball,46.0,0.0
45019,Charleston,Clemson Football,College Football,46.0,South Carolina Football,26.0,20.0
20003,Anderson,Kansas Basketball,College Basketball,46.0,Kansas Football,46.0,0.0
29049,Clinton,Kansas Football,College Football,46.0,Kansas Basketball,46.0,0.0
29047,Clay,Kansas Football,College Football,46.0,Kansas Basketball,46.0,0.0
29165,Platte,Kansas Football,College Football,46.0,Kansas Basketball,46.0,0.0
20005,Atchison,Kansas Football,College Football,46.0,Kansas Basketball,46.0,0.0
13099,Early,Texas Football,College Football,46.0,Tennessee Football,32.0,14.0
20209,Wyandotte,Kansas Football,College Football,46.0,Kansas Basketball,46.0,0.0
45015,Berkeley,Clemson Football,College Football,46.0,South Carolina Football,26.0,20.0
20091,Johnson,Kansas Football,College Football,46.0,Kansas Basketball,46.0,0.0
20045,Douglas,Kansas Football,College Football,46.0,Kansas Basketball,46.0,0.0
29177,Ray,Kansas Football,College Football,46.0,Kansas Basketball,46.0,0.0
28011,Bolivar,Ole Miss Football,College Football,45.0,Mississippi State Football,22.0,23.0
37085,Harnett,Duke Basketball,College Basketball,45.0,NC State Football,31.0,14.0
37185,Warren,Duke Basketball,College Basketball,45.0,NC State Football,31.0,14.0
37183,Wake,Duke Basketball,College Basketball,45.0,NC State Football,31.0,14.0
37069,Franklin,Duke Basketball,College Basketball,45.0,NC State Football,31.0,14.0
37125,Moore,Duke Basketball,College Basketball,45.0,NC State Football,31.0,14.0
37145,Person,Duke Basketball,College Basketball,45.0,NC State Football,31.0,14.0
42049,Erie,Penn State Football,College Football,45.0,Michigan Football,8.714285714285714,36.285714285714285
37191,Wayne,Duke Basketball,College Basketball,45.0,NC State Football,31.0,14.0
37195,Wilson,Duke Basketball,College Basketball,45.0,NC State Football,31.0,14.0
37135,Orange,Duke Basketball,College Basketball,45.0,NC State Football,31.0,14.0
37051,Cumberland,Duke Basketball,College Basketball,45.0,NC State Football,31.0,14.0
28015,Carroll,Ole Miss Football,College Football,45.0,Mississippi State Football,22.0,23.0
28133,Sunflower,Ole Miss Football,College Football,45.0,Mississippi State Football,22.0,23.0
28083,Leflore,Ole Miss Football,College Football,45.0,Mississippi State Football,22.0,23.0
51117,Mecklenburg,Duke Basketball,College Basketball,45.0,NC State Football,31.0,14.0
28043,Grenada,Ole Miss Football,College Football,45.0,Mississippi State Football,22.0,23.0
37037,Chatham,Duke Basketball,College Basketball,45.0,NC State Football,31.0,14.0
37083,Halifax,Duke Basketball,College Basketball,45.0,NC State Football,31.0,14.0
37127,Nash,Duke Basketball,College Basketball,45.0,NC State Football,31.0,14.0
37063,Durham,Duke Basketball,College Basketball,45.0,NC State Football,31.0,14.0
28135,Tallahatchie,Ole Miss Football,College Football,45.0,Mississippi State Football,22.0,23.0
37065,Edgecombe,Duke Basketball,College Basketball,45.0,NC State Football,31.0,14.0
37077,Granville,Duke Basketball,College Basketball,45.0,NC State Football,31.0,14.0
37181,Vance,Duke Basketball,College Basketball,45.0,NC State Football,31.0,14.0
05017,Chicot,Ole Miss Football,College Football,45.0,Mississippi State Football,22.0,23.0
37105,Lee,Duke Basketball,College Basketball,45.0,NC State Football,31.0,14.0
37163,Sampson,Duke Basketball,College Basketball,45.0,NC State Football,31.0,14.0
28151,Washington,Ole Miss Football,College Football,45.0,Mississippi State Football,22.0,23.0
37101,Johnston,Duke Basketball,College Basketball,45.0,NC State Football,31.0,14.0
42123,Warren,Penn State Football,College Football,45.0,Michigan Football,8.714285714285714,36.285714285714285
37093,Hoke,Duke Basketball,College Basketball,45.0,NC State Football,31.0,14.0
42039,Crawford,Penn State Football,College Football,45.0,Michigan Football,8.714285714285714,36.285714285714285
37197,Yadkin,Duke Basketball,College Basketball,44.5,Wake Forest Football,13.833333333333334,30.666666666666664
28053,Humphreys,Tennessee Football,College Football,44.5,Alabama Football,36.5,8.0
47077,Henderson,Tennessee Football,College Football,44.5,Alabama Football,36.5,8.0
37151,Randolph,Duke Basketball,College Basketball,44.5,Wake Forest Football,13.833333333333334,30.666666666666664
28021,Claiborne,Tennessee Football,College Football,44.5,Alabama Football,36.5,8.0
26027,Cass,Purdue Basketball,College Basketball,44.5,Indiana Football,44.0,0.5
18049,Fulton,Purdue Basketball,College Basketball,44.5,Indiana Football,44.0,0.5
18131,Pulaski,Purdue Basketball,College Basketball,44.5,Indiana Football,44.0,0.5
37017,Bladen,Duke Basketball,College Basketball,44.5,NC State Football,22.0,22.5
18149,Starke,Purdue Basketball,College Basketball,44.5,Indiana Football,44.0,0.5
37157,Rockingham,Duke Basketball,College Basketball,44.5,Wake Forest Football,13.833333333333334,30.666666666666664
28001,Adams,Tennessee Football,College Football,44.5,Alabama Football,36.5,8.0
47017,Carroll,Tennessee Football,College Football,44.5,Alabama Football,36.5,8.0
28055,Issaquena,Tennessee Football,College Football,44.5,Alabama Football,36.5,8.0
28149,Warren,Tennessee Football,College Football,44.5,Alabama Football,36.5,8.0
37057,Davidson,Duke Basketball,College Basketball,44.5,Wake Forest Football,13.833333333333334,30.666666666666664
28089,Madison,Tennessee Football,College Football,44.5,Alabama Football,36.5,8.0
37005,Alleghany,Duke Basketball,College Basketball,44.5,Wake Forest Football,13.833333333333334,30.666666666666664
37081,Guilford,Duke Basketball,College Basketball,44.5,Wake Forest Football,13.833333333333334,30.666666666666664
37171,Surry,Duke Basketball,College Basketball,44.5,Wake Forest Football,13.833333333333334,30.666666666666664
28147,Walthall,Tennessee Football,College Football,44.5,Alabama Football,36.5,8.0
37169,Stokes,Duke Basketball,College Basketball,44.5,Wake Forest Football,13.833333333333334,30.666666666666664
47071,Hardin,Tennessee Football,College Football,44.5,Alabama Football,36.5,8.0
18099,Marshall,Purdue Basketball,College Basketball,44.5,Indiana Football,44.0,0.5
47113,Madison,Tennessee Football,College Football,44.5,Alabama Football,36.5,8.0
28113,Pike,Tennessee Football,College Football,44.5,Alabama Football,36.5,8.0
37019,Brunswick,Duke Basketball,College Basketball,44.5,NC State Football,22.0,22.5
37123,Montgomery,Duke Basketball,College Basketball,44.5,Wake Forest Football,13.833333333333334,30.666666666666664
28077,Lawrence,Tennessee Football,College Football,44.5,Alabama Football,36.5,8.0
26021,Berrien,Purdue Basketball,College Basketball,44.5,Indiana Football,44.0,0.5
37141,Pender,Duke Basketball,College Basketball,44.5,NC State Football,22.0,22.5
28007,Attala,Tennessee Football,College Football,44.5,Alabama Football,36.5,8.0
47053,Gibson,Tennessee Football,College Football,44.5,Alabama Football,36.5,8.0
28127,Simpson,Tennessee Football,College Football,44.5,Alabama Football,36.5,8.0
28121,Rankin,Tennessee Football,College Football,44.5,Alabama Football,36.5,8.0
28123,Scott,Tennessee Football,College Football,44.5,Alabama Football,36.5,8.0
28037,Franklin,Tennessee Football,College Football,44.5,Alabama Football,36.5,8.0
18085,Kosciusko,Purdue Basketball,College Basketball,44.5,Indiana Football,44.0,0.5
28079,Leake,Tennessee Football,College Football,44.5,Alabama Football,36.5,8.0
47023,Chester,Tennessee Football,College Football,44.5,Alabama Football,36.5,8.0
37059,Davie,Duke Basketball,College Basketball,44.5,Wake Forest Football,13.833333333333334,30.666666666666664
37067,Forsyth,Duke Basketball,College Basketball,44.5,Wake Forest Football,13.833333333333334,30.666666666666664
37129,New Hanover,Duke Basketball,College Basketball,44.5,NC State Football,22.0,22.5
28129,Smith,Tennessee Football,College Football,44.5,Alabama Football,36.5,8.0
28125,Sharkey,Tennessee Football,College Football,44.5,Alabama Football,36.5,8.0
28049,Hinds,Tennessee Football,College Football,44.5,Alabama Football,36.5,8.0
18087,Lagrange,Purdue Basketball,College Basketball,44.5,Indiana Football,44.0,0.5
18039,Elkhart,Purdue Basketball,College Basketball,44.5,Indiana Football,44.0,0.5
37047,Columbus,Duke Basketball,College Basketball,44.5,NC State Football,22.0,22.5
37193,Wilkes,Duke Basketball,College Basketball,44.5,Wake Forest Football,13.833333333333334,30.666666666666664
28163,Yazoo,Tennessee Football,College Football,44.5,Alabama Football,36.5,8.0
18141,St Joseph,Purdue Basketball,College Basketball,44.5,Indiana Football,44.0,0.5
28029,Copiah,Tennessee Football,College Football,44.5,Alabama Football,36.5,8.0
37033,Caswell,Duke Basketball,College Basketball,44.5,Wake Forest Football,13.833333333333334,30.666666666666664
28063,Jefferson,Tennessee Football,College Football,44.5,Alabama Football,36.5,8.0
28065,Jefferson Davis,Tennessee Football,College Football,44.5,Alabama Football,36.5,8.0
37001,Alamance,Duke Basketball,College Basketball,44.5,Wake Forest Football,13.833333333333334,30.666666666666664
28085,Lincoln,Tennessee Football,College Football,44.5,Alabama Football,36.5,8.0
51141,Patrick,Duke Basketball,College Basketball,44.5,Wake Forest Football,13.833333333333334,30.666666666666664
28051,Holmes,Tennessee Football,College Football,44.5,Alabama Football,36.5,8.0
28119,Quitman,Ole Miss Football,College Football,44.0,Memphis Football,29.0,15.0
16059,Lemhi,BYU Football,College Football,44.0,Boise State Football,15.8,28.2
56039,Teton,BYU Football,College Football,44.0,Boise State Football,15.8,28.2
47157,Shelby,Ole Miss Football,College Football,44.0,Memphis Football,29.0,15.0
05077,Lee,Ole Miss Football,College Football,44.0,Memphis Football,29.0,15.0
16023,Butte,BYU Football,College Football,44.0,Boise State Football,15.8,28.2
16011,Bingham,BYU Football,College Football,44.0,Boise State Football,15.8,28.2
16019,Bonneville,BYU Football,College Football,44.0,Boise State Football,15.8,28.2
01071,Jackson,LSU Football,College Football,44.0,Ole Miss Football,25.5,18.5
16005,Bannock,BYU Football,College Football,44.0,Boise State Football,15.8,28.2
16029,Caribou,BYU Football,College Football,44.0,Boise State Football,15.8,28.2
05107,Phillips,Ole Miss Football,College Football,44.0,Memphis Football,29.0,15.0
47075,Haywood,Ole Miss Football,College Football,44.0,Memphis Football,29.0,15.0
47103,Lincoln,LSU Football,College Football,44.0,Ole Miss Football,25.5,18.5
28009,Benton,Ole Miss Football,College Football,44.0,Memphis Football,29.0,15.0
01089,Madison,LSU Football,College Football,44.0,Ole Miss Football,25.5,18.5
47167,Tipton,Ole Miss Football,College Football,44.0,Memphis Football,29.0,15.0
28033,DeSoto,Ole Miss Football,College Football,44.0,Memphis Football,29.0,15.0
47045,Dyer,Ole Miss Football,College Football,44.0,Memphis Football,29.0,15.0
47047,Fayette,Ole Miss Football,College Football,44.0,Memphis Football,29.0,15.0
01083,Limestone,LSU Football,College Football,44.0,Ole Miss Football,25.5,18.5
16043,Fremont,BYU Football,College Football,44.0,Boise State Football,15.8,28.2
16037,Custer,BYU Football,College Football,44.0,Boise State Football,15.8,28.2
29155,Pemiscot,Ole Miss Football,College Football,44.0,Memphis Football,29.0,15.0
05123,Saint Francis,Ole Miss Football,College Football,44.0,Memphis Football,29.0,15.0
16033,Clark,BYU Football,College Football,44.0,Boise State Football,15.8,28.2
47069,Hardeman,Ole Miss Football,College Football,44.0,Memphis Football,29.0,15.0
01079,Lawrence,LSU Football,College Football,44.0,Ole Miss Football,25.5,18.5
01095,Marshall,LSU Football,College Football,44.0,Ole Miss Football,25.5,18.5
16051,Jefferson,BYU Football,College Football,44.0,Boise State Football,15.8,28.2
01059,Franklin,LSU Football,College Football,44.0,Ole Miss Football,25.5,18.5
01077,Lauderdale,LSU Football,College Football,44.0,Ole Miss Football,25.5,18.5
47033,Crockett,Ole Miss Football,College Football,44.0,Memphis Football,29.0,15.0
05111,Poinsett,Ole Miss Football,College Football,44.0,Memphis Football,29.0,15.0
16065,Madison,BYU Football,College Football,44.0,Boise State Football,15.8,28.2
16077,Power,BYU Football,College Football,44.0,Boise State Football,15.8,28.2
05035,Crittenden,Ole Miss Football,College Football,44.0,Memphis Football,29.0,15.0
28071,Lafayette,Ole Miss Football,College Football,44.0,Memphis Football,29.0,15.0
28027,Coahoma,Ole Miss Football,College Football,44.0,Memphis Football,29.0,15.0
05093,Mississippi,Ole Miss Football,College Football,44.0,Memphis Football,29.0,15.0
28093,Marshall,Ole Miss Football,College Football,44.0,Memphis Football,29.0,15.0
47097,Lauderdale,Ole Miss Football,College Football,44.0,Memphis Football,29.0,15.0
05037,Cross,Ole Miss Football,College Football,44.0,Memphis Football,29.0,15.0
01033,Colbert,LSU Football,College Football,44.0,Ole Miss Football,25.5,18.5
16081,Teton,BYU Football,College Football,44.0,Boise State Football,15.8,28.2
28139,Tippah,Ole Miss Football,College Football,44.0,Memphis Football,29.0,15.0
28137,Tate,Ole Miss Football,College Football,44.0,Memphis Football,29.0,15.0
28143,Tunica,Ole Miss Football,College Football,44.0,Memphis Football,29.0,15.0
28003,Alcorn,Ole Miss Football,College Football,44.0,Memphis Football,29.0,15.0
01103,Morgan,LSU Football,College Football,44.0,Ole Miss Football,25.5,18.5
28107,Panola,Ole Miss Football,College Football,44.0,Memphis Football,29.0,15.0
47109,McNairy,Ole Miss Football,College Football,44.0,Memphis Football,29.0,15.0
01049,De Kalb,LSU Football,College Football,44.0,Ole Miss Football,25.5,18.5
39059,Guernsey,Michigan Football,College Football,43.875,Texas Football,31.5,12.375
39049,Franklin,Michigan Football,College Football,43.875,Texas Football,31.5,12.375
39047,Fayette,Michigan Football,College Football,43.875,Texas Football,31.5,12.375
13239,Quitman,Michigan Football,College Football,43.875,Texas Football,31.5,12.375
39045,Fairfield,Michigan Football,College Football,43.875,Texas Football,31.5,12.375
39117,Morrow,Michigan Football,College Football,43.875,Texas Football,31.5,12.375
13215,Muscogee,Michigan Football,College Football,43.875,Texas Football,31.5,12.375
13307,Webster,Michigan Football,College Football,43.875,Texas Football,31.5,12.375
39121,Noble,Michigan Football,College Football,43.875,Texas Football,31.5,12.375
39033,Crawford,Michigan Football,College Football,43.875,Texas Football,31.5,12.375
13061,Clay,Michigan Football,College Football,43.875,Texas Football,31.5,12.375
13243,Randolph,Michigan Football,College Football,43.875,Texas Football,31.5,12.375
39073,Hocking,Michigan Football,College Football,43.875,Texas Football,31.5,12.375
01113,Russell,Michigan Football,College Football,43.875,Texas Football,31.5,12.375
01081,Lee,Michigan Football,College Football,43.875,Texas Football,31.5,12.375
39031,Coshocton,Michigan Football,College Football,43.875,Texas Football,31.5,12.375
39083,Knox,Michigan Football,College Football,43.875,Texas Football,31.5,12.375
39101,Marion,Michigan Football,College Football,43.875,Texas Football,31.5,12.375
01005,Barbour,Michigan Football,College Football,43.875,Texas Football,31.5,12.375
39129,Pickaway,Michigan Football,College Football,43.875,Texas Football,31.5,12.375
01017,Chambers,Michigan Football,College Football,43.875,Texas Football,31.5,12.375
13249,Schley,Michigan Football,College Football,43.875,Texas Football,31.5,12.375
13259,Stewart,Michigan Football,College Football,43.875,Texas Football,31.5,12.375
39131,Pike,Michigan Football,College Football,43.875,Texas Football,31.5,12.375
39115,Morgan,Michigan Football,College Football,43.875,Texas Football,31.5,12.375
39009,Athens,Michigan Football,College Football,43.875,Texas Football,31.5,12.375
39127,Perry,Michigan Football,College Football,43.875,Texas Football,31.5,12.375
13197,Marion,Michigan Football,College Football,43.875,Texas Football,31.5,12.375
39041,Delaware,Michigan Football,College Football,43.875,Texas Football,31.5,12.375
13145,Harris,Michigan Football,College Football,43.875,Texas Football,31.5,12.375
39141,Ross,Michigan Football,College Football,43.875,Texas Football,31.5,12.375
13263,Talbot,Michigan Football,College Football,43.875,Texas Football,31.5,12.375
39159,Union,Michigan Football,College Football,43.875,Texas Football,31.5,12.375
13261,Sumter,Michigan Football,College Football,43.875,Texas Football,31.5,12.375
39089,Licking,Michigan Football,College Football,43.875,Texas Football,31.5,12.375
13053,Chattahoochee,Michigan Football,College Football,43.875,Texas Football,31.5,12.375
39097,Madison,Michigan Football,College Football,43.875,Texas Football,31.5,12.375
39065,Hardin,Michigan Football,College Football,43.875,Texas Football,31.5,12.375
08121,Washington,Colorado Football,College Football,42.0,Nebraska Football,14.8,27.2
08123,Weld,Colorado Football,College Football,42.0,Nebraska Football,14.8,27.2
56005,Campbell,Colorado Football,College Football,42.0,Nebraska Football,14.8,27.2
08073,Lincoln,Colorado Football,College Football,42.0,Nebraska Football,14.8,27.2
08075,Logan,Colorado Football,College Football,42.0,Nebraska Football,14.8,27.2
56019,Johnson,Colorado Football,College Football,42.0,Nebraska Football,14.8,27.2
08087,Morgan,Colorado Football,College Football,42.0,Nebraska Football,14.8,27.2
31031,Cherry,Colorado Football,College Football,42.0,Nebraska Football,14.8,27.2
31033,Cheyenne,Colorado Football,College Football,42.0,Nebraska Football,14.8,27.2
08005,Arapahoe,Colorado Football,College Football,42.0,Nebraska Football,14.8,27.2
08003,Alamosa,Colorado Football,College Football,42.0,Nebraska Football,14.8,27.2
08115,Sedgwick,Colorado Football,College Football,42.0,Nebraska Football,14.8,27.2
08117,Summit,Colorado Football,College Football,42.0,Nebraska Football,14.8,27.2
08113,San Miguel,Colorado Football,College Football,42.0,Nebraska Football,14.8,27.2
08023,Costilla,Colorado Football,College Football,42.0,Nebraska Football,14.8,27.2
08125,Yuma,Colorado Football,College Football,42.0,Nebraska Football,14.8,27.2
08021,Conejos,Colorado Football,College Football,42.0,Nebraska Football,14.8,27.2
56031,Platte,Colorado Football,College Football,42.0,Nebraska Football,14.8,27.2
56007,Carbon,Colorado Football,College Football,42.0,Nebraska Football,14.8,27.2
31101,Keith,Colorado Football,College Football,42.0,Nebraska Football,14.8,27.2
08099,Prowers,Colorado Football,College Football,42.0,Nebraska Football,14.8,27.2
08049,Grand,Colorado Football,College Football,42.0,Nebraska Football,14.8,27.2
08007,Archuleta,Colorado Football,College Football,42.0,Nebraska Football,14.8,27.2
31105,Kimball,Colorado Football,College Football,42.0,Nebraska Football,14.8,27.2
08091,Ouray,Colorado Football,College Football,42.0,Nebraska Football,14.8,27.2
08017,Cheyenne,Colorado Football,College Football,42.0,Nebraska Football,14.8,27.2
08015,Chaffee,Colorado Football,College Football,42.0,Nebraska Football,14.8,27.2
08045,Garfield,Colorado Football,College Football,42.0,Nebraska Football,14.8,27.2
08081,Moffat,Colorado Football,College Football,42.0,Nebraska Football,14.8,27.2
08093,Park,Colorado Football,College Football,42.0,Nebraska Football,14.8,27.2
08097,Pitkin,Colorado Football,College Football,42.0,Nebraska Football,14.8,27.2
08095,Phillips,Colorado Football,College Football,42.0,Nebraska Football,14.8,27.2
31091,Hooker,Colorado Football,College Football,42.0,Nebraska Football,14.8,27.2
56001,Albany,Colorado Football,College Football,42.0,Nebraska Football,14.8,27.2
08047,Gilpin,Colorado Football,College Football,42.0,Nebraska Football,14.8,27.2
08103,Rio Blanco,Colorado Football,College Football,42.0,Nebraska Football,14.8,27.2
31045,Dawes,Colorado Football,College Football,42.0,Nebraska Football,14.8,27.2
31049,Deuel,Colorado Football,College Football,42.0,Nebraska Football,14.8,27.2
08039,Elbert,Colorado Football,College Football,42.0,Nebraska Football,14.8,27.2
08105,Rio Grande,Colorado Football,College Football,42.0,Nebraska Football,14.8,27.2
08001,Adams,Colorado Football,College Football,42.0,Nebraska Football,14.8,27.2
56027,Niobrara,Colorado Football,College Football,42.0,Nebraska Football,14.8,27.2
08059,Jefferson,Colorado Football,College Football,42.0,Nebraska Football,14.8,27.2
08057,Jackson,Colorado Football,College Football,42.0,Nebraska Football,14.8,27.2
31013,Box Butte,Colorado Football,College Football,42.0,Nebraska Football,14.8,27.2
08107,Routt,Colorado Football,College Football,42.0,Nebraska Football,14.8,27.2
08109,Saguache,Colorado Football,College Football,42.0,Nebraska Football,14.8,27.2
08037,Eagle,Colorado Football,College Football,42.0,Nebraska Football,14.8,27.2
08033,Dolores,Colorado Football,College Football,42.0,Nebraska Football,14.8,27.2
08029,Delta,Colorado Football,College Football,42.0,Nebraska Football,14.8,27.2
08035,Douglas,Colorado Football,College Football,42.0,Nebraska Football,14.8,27.2
08014,Broomfield,Colorado Football,College Football,42.0,Nebraska Football,14.8,27.2
31161,Sheridan,Colorado Football,College Football,42.0,Nebraska Football,14.8,27.2
08013,Boulder,Colorado Football,College Football,42.0,Nebraska Football,14.8,27.2
08031,Denver,Colorado Football,College Football,42.0,Nebraska Football,14.8,27.2
08053,Hinsdale,Colorado Football,College Football,42.0,Nebraska Football,14.8,27.2
08051,Gunnison,Colorado Football,College Football,42.0,Nebraska Football,14.8,27.2
31007,Banner,Colorado Football,College Football,42.0,Nebraska Football,14.8,27.2
31005,Arthur,Colorado Football,College Football,42.0,Nebraska Football,14.8,27.2
08069,Larimer,Colorado Football,College Football,42.0,Nebraska Football,14.8,27.2
08065,Lake,Colorado Football,College Football,42.0,Nebraska Football,14.8,27.2
08019,Clear Creek,Colorado Football,College Football,42.0,Nebraska Football,14.8,27.2
31075,Grant,Colorado Football,College Football,42.0,Nebraska Football,14.8,27.2
08063,Kit Carson,Colorado Football,College Football,42.0,Nebraska Football,14.8,27.2
31069,Garden,Colorado Football,College Football,42.0,Nebraska Football,14.8,27.2
08079,Mineral,Colorado Football,College Football,42.0,Nebraska Football,14.8,27.2
08111,San Juan,Colorado Football,College Football,42.0,Nebraska Football,14.8,27.2
53031,Jefferson,Washington Football,College Football,41.0,Oregon Football,28.0,13.0
53073,Whatcom,Washington Football,College Football,41.0,Oregon Football,28.0,13.0
29175,Randolph,Missouri Football,College Football,41.0,Kansas Football,11.75,29.25
29151,Osage,Missouri Football,College Football,41.0,Kansas Football,11.75,29.25
29027,Callaway,Missouri Football,College Football,41.0,Kansas Football,11.75,29.25
53035,Kitsap,Washington Football,College Football,41.0,Oregon Football,28.0,13.0
53049,Pacific,Washington Football,College Football,41.0,Oregon Football,28.0,13.0
29125,Maries,Missouri Football,College Football,41.0,Kansas Football,11.75,29.25
53055,San Juan,Washington Football,College Football,41.0,Oregon Football,28.0,13.0
29007,Audrain,Missouri Football,College Football,41.0,Kansas Football,11.75,29.25
29089,Howard,Missouri Football,College Football,41.0,Kansas Football,11.75,29.25
53017,Douglas,Washington Football,College Football,41.0,Oregon Football,28.0,13.0
29041,Chariton,Missouri Football,College Football,41.0,Kansas Football,11.75,29.25
53067,Thurston,Washington Football,College Football,41.0,Oregon Football,28.0,13.0
29019,Boone,Missouri Football,College Football,41.0,Kansas Football,11.75,29.25
53045,Mason,Washington Football,College Football,41.0,Oregon Football,28.0,13.0
53061,Snohomish,Washington Football,College Football,41.0,Oregon Football,28.0,13.0
29053,Cooper,Missouri Football,College Football,41.0,Kansas Football,11.75,29.25
53041,Lewis,Washington Football,College Football,41.0,Oregon Football,28.0,13.0
29139,Montgomery,Missouri Football,College Football,41.0,Kansas Football,11.75,29.25
29131,Miller,Missouri Football,College Football,41.0,Kansas Football,11.75,29.25
53009,Clallam,Washington Football,College Football,41.0,Oregon Football,28.0,13.0
53057,Skagit,Washington Football,College Football,41.0,Oregon Football,28.0,13.0
53033,King,Washington Football,College Football,41.0,Oregon Football,28.0,13.0
53027,Grays Harbor,Washington Football,College Football,41.0,Oregon Football,28.0,13.0
53053,Pierce,Washington Football,College Football,41.0,Oregon Football,28.0,13.0
53007,Chelan,Washington Football,College Football,41.0,Oregon Football,28.0,13.0
29141,Morgan,Missouri Football,College Football,41.0,Kansas Football,11.75,29.25
53029,Island,Washington Football,College Football,41.0,Oregon Football,28.0,13.0
29135,Moniteau,Missouri Football,College Football,41.0,Kansas Football,11.75,29.25
29051,Cole,Missouri Football,College Football,41.0,Kansas Football,11.75,29.25
08077,Mesa,Colorado Football,College Football,40.0,Texas Football,10.333333333333334,29.666666666666664
08085,Montrose,Colorado Football,College Football,40.0,Texas Football,10.333333333333334,29.666666666666664
26099,Macomb,Michigan State Basketball,College Basketball,39.0,Detroit Lions,17.2,21.8
26087,Lapeer,Michigan State Basketball,College Basketball,39.0,Detroit Lions,17.2,21.8
26151,Sanilac,Michigan State Basketball,College Basketball,39.0,Detroit Lions,17.2,21.8
26125,Oakland,Michigan State Basketball,College Basketball,39.0,Detroit Lions,17.2,21.8
27103,Nicollet,Minnesota Football,College Football,39.0,Iowa Basketball,22.666666666666668,16.333333333333332
26161,Washtenaw,Michigan State Basketball,College Basketball,39.0,Detroit Lions,17.2,21.8
27165,Watonwan,Minnesota Football,College Football,39.0,Iowa Basketball,22.666666666666668,16.333333333333332
26163,Wayne,Michigan State Basketball,College Basketball,39.0,Detroit Lions,17.2,21.8
27091,Martin,Minnesota Football,College Football,39.0,Iowa Basketball,22.666666666666668,16.333333333333332
26093,Livingston,Michigan State Basketball,College Basketball,39.0,Detroit Lions,17.2,21.8
26147,Saint Clair,Michigan State Basketball,College Basketball,39.0,Detroit Lions,17.2,21.8
26115,Monroe,Michigan State Basketball,College Basketball,39.0,Detroit Lions,17.2,21.8
27015,Brown,Minnesota Football,College Football,39.0,Iowa Basketball,22.666666666666668,16.333333333333332
27013,Blue Earth,Minnesota Football,College Football,39.0,Iowa Basketball,22.666666666666668,16.333333333333332
27001,Aitkin,Minnesota Football,College Football,38.0,Iowa Basketball,27.0,11.0
27093,Meeker,Minnesota Football,College Football,38.0,Iowa Basketball,27.0,11.0
27019,Carver,Minnesota Football,College Football,38.0,Iowa Basketball,27.0,11.0
55013,Burnett,Minnesota Football,College Football,38.0,Iowa Basketball,27.0,11.0
27143,Sibley,Minnesota Football,College Football,38.0,Iowa Basketball,27.0,11.0
27115,Pine,Minnesota Football,College Football,38.0,Iowa Basketball,27.0,11.0
27083,Lyon,Minnesota Football,College Football,38.0,Iowa Basketball,27.0,11.0
27151,Swift,Minnesota Football,College Football,38.0,Iowa Basketball,27.0,11.0
27051,Grant,Minnesota Football,College Football,38.0,Iowa Basketball,27.0,11.0
27011,Big Stone,Minnesota Football,College Football,38.0,Iowa Basketball,27.0,11.0
27037,Dakota,Minnesota Football,College Football,38.0,Iowa Basketball,27.0,11.0
27053,Hennepin,Minnesota Football,College Football,38.0,Iowa Basketball,27.0,11.0
27025,Chisago,Minnesota Football,College Football,38.0,Iowa Basketball,27.0,11.0
27079,Le Sueur,Minnesota Football,College Football,38.0,Iowa Basketball,27.0,11.0
27033,Cottonwood,Minnesota Football,College Football,38.0,Iowa Basketball,27.0,11.0
27127,Redwood,Minnesota Football,College Football,38.0,Iowa Basketball,27.0,11.0
27129,Renville,Minnesota Football,College Football,38.0,Iowa Basketball,27.0,11.0
55005,Barron,Minnesota Football,College Football,38.0,Iowa Basketball,27.0,11.0
27149,Stevens,Minnesota Football,College Football,38.0,Iowa Basketball,27.0,11.0
27009,Benton,Minnesota Football,College Football,38.0,Iowa Basketball,27.0,11.0
27085,McLeod,Minnesota Football,College Football,38.0,Iowa Basketball,27.0,11.0
27041,Douglas,Minnesota Football,College Football,38.0,Iowa Basketball,27.0,11.0
27157,Wabasha,Minnesota Football,College Football,38.0,Iowa Basketball,27.0,11.0
27097,Morrison,Minnesota Football,College Football,38.0,Iowa Basketball,27.0,11.0
27139,Scott,Minnesota Football,College Football,38.0,Iowa Basketball,27.0,11.0
27059,Isanti,Minnesota Football,College Football,38.0,Iowa Basketball,27.0,11.0
55033,Dunn,Minnesota Football,College Football,38.0,Iowa Basketball,27.0,11.0
27057,Hubbard,Minnesota Football,College Football,38.0,Iowa Basketball,27.0,11.0
27023,Chippewa,Minnesota Football,College Football,38.0,Iowa Basketball,27.0,11.0
27131,Rice,Minnesota Football,College Football,38.0,Iowa Basketball,27.0,11.0
27161,Waseca,Minnesota Football,College Football,38.0,Iowa Basketball,27.0,11.0
27065,Kanabec,Minnesota Football,College Football,38.0,Iowa Basketball,27.0,11.0
27003,Anoka,Minnesota Football,College Football,38.0,Iowa Basketball,27.0,11.0
27163,Washington,Minnesota Football,College Football,38.0,Iowa Basketball,27.0,11.0
27043,Faribault,Minnesota Football,College Football,38.0,Iowa Basketball,27.0,11.0
27073,Lac Qui Parle,Minnesota Football,College Football,38.0,Iowa Basketball,27.0,11.0
27063,Jackson,Minnesota Football,College Football,38.0,Iowa Basketball,27.0,11.0
27095,Mille Lacs,Minnesota Football,College Football,38.0,Iowa Basketball,27.0,11.0
27159,Wadena,Minnesota Football,College Football,38.0,Iowa Basketball,27.0,11.0
27049,Goodhue,Minnesota Football,College Football,38.0,Iowa Basketball,27.0,11.0
27173,Yellow Medicine,Minnesota Football,College Football,38.0,Iowa Basketball,27.0,11.0
27147,Steele,Minnesota Football,College Football,38.0,Iowa Basketball,27.0,11.0
27141,Sherburne,Minnesota Football,College Football,38.0,Iowa Basketball,27.0,11.0
27123,Ramsey,Minnesota Football,College Football,38.0,Iowa Basketball,27.0,11.0
27007,Beltrami,Minnesota Football,College Football,38.0,Iowa Basketball,27.0,11.0
27021,Cass,Minnesota Football,College Football,38.0,Iowa Basketball,27.0,11.0
55109,Saint Croix,Minnesota Football,College Football,38.0,Iowa Basketball,27.0,11.0
27067,Kandiyohi,Minnesota Football,College Football,38.0,Iowa Basketball,27.0,11.0
55093,Pierce,Minnesota Football,College Football,38.0,Iowa Basketball,27.0,11.0
27155,Traverse,Minnesota Football,College Football,38.0,Iowa Basketball,27.0,11.0
55129,Washburn,Minnesota Football,College Football,38.0,Iowa Basketball,27.0,11.0
55095,Polk,Minnesota Football,College Football,38.0,Iowa Basketball,27.0,11.0
27121,Pope,Minnesota Football,College Football,38.0,Iowa Basketball,27.0,11.0
27153,Todd,Minnesota Football,College Football,38.0,Iowa Basketball,27.0,11.0
27171,Wright,Minnesota Football,College Football,38.0,Iowa Basketball,27.0,11.0
27035,Crow Wing,Minnesota Football,College Football,38.0,Iowa Basketball,27.0,11.0
27145,Stearns,Minnesota Football,College Football,38.0,Iowa Basketball,27.0,11.0
51185,Tazewell,Virginia Football,College Football,37.0,West Virginia Football,16.2,20.8
54019,Fayette,Virginia Football,College Football,37.0,West Virginia Football,16.2,20.8
54055,Mercer,Virginia Football,College Football,37.0,West Virginia Football,16.2,20.8
54047,McDowell,Virginia Football,College Football,37.0,West Virginia Football,16.2,20.8
54089,Summers,Virginia Football,College Football,37.0,West Virginia Football,16.2,20.8
54063,Monroe,Virginia Football,College Football,37.0,West Virginia Football,16.2,20.8
54025,Greenbrier,Virginia Football,College Football,37.0,West Virginia Football,16.2,20.8
54109,Wyoming,Virginia Football,College Football,37.0,West Virginia Football,16.2,20.8
54081,Raleigh,Virginia Football,College Football,37.0,West Virginia Football,16.2,20.8
39149,Shelby,Michigan Football,College Football,36.5,Dayton Basketball,22.75,13.75
39135,Preble,Michigan Football,College Football,36.5,Dayton Basketball,22.75,13.75
39037,Darke,Michigan Football,College Football,36.5,Dayton Basketball,22.75,13.75
18177,Wayne,Michigan Football,College Football,36.5,Dayton Basketball,22.75,13.75
39091,Logan,Michigan Football,College Football,36.5,Dayton Basketball,22.75,13.75
39021,Champaign,Michigan Football,College Football,36.5,Dayton Basketball,22.75,13.75
39023,Clark,Michigan Football,College Football,36.5,Dayton Basketball,22.75,13.75
39107,Mercer,Michigan Football,College Football,36.5,Dayton Basketball,22.75,13.75
39109,Miami,Michigan Football,College Football,36.5,Dayton Basketball,22.75,13.75
39113,Montgomery,Michigan Football,College Football,36.5,Dayton Basketball,22.75,13.75
39057,Greene,Michigan Football,College Football,36.5,Dayton Basketball,22.75,13.75
48201,Harris,Texas Football,College Football,36.0,Texas A&M Football,11.0,25.0
48455,Trinity,Texas Football,College Football,36.0,Texas A&M Football,11.0,25.0
48477,Washington,Texas Football,College Football,36.0,Texas A&M Football,11.0,25.0
48015,Austin,Texas Football,College Football,36.0,Texas A&M Football,11.0,25.0
48471,Walker,Texas Football,College Football,36.0,Texas A&M Football,11.0,25.0
48167,Galveston,Texas Football,College Football,36.0,Texas A&M Football,11.0,25.0
48473,Waller,Texas Football,College Football,36.0,Texas A&M Football,11.0,25.0
48481,Wharton,Texas Football,College Football,36.0,Texas A&M Football,11.0,25.0
48239,Jackson,Texas Football,College Football,36.0,Texas A&M Football,11.0,25.0
48373,Polk,Texas Football,College Football,36.0,Texas A&M Football,11.0,25.0
48071,Chambers,Texas Football,College Football,36.0,Texas A&M Football,11.0,25.0
48321,Matagorda,Texas Football,College Football,36.0,Texas A&M Football,11.0,25.0
48339,Montgomery,Texas Football,College Football,36.0,Texas A&M Football,11.0,25.0
48089,Colorado,Texas Football,College Football,36.0,Texas A&M Football,11.0,25.0
48039,Brazoria,Texas Football,College Football,36.0,Texas A&M Football,11.0,25.0
48157,Fort Bend,Texas Football,College Football,36.0,Texas A&M Football,11.0,25.0
48185,Grimes,Texas Football,College Football,36.0,Texas A&M Football,11.0,25.0
48291,Liberty,Texas Football,College Football,36.0,Texas A&M Football,11.0,25.0
48057,Calhoun,Texas Football,College Football,36.0,Texas A&M Football,11.0,25.0
48407,San Jacinto,Texas Football,College Football,36.0,Texas A&M Football,11.0,25.0
46061,Hanson,Nebraska Football,College Football,34.0,Iowa Basketball,24.0,10.0
29001,Adair,Iowa State Football,College Football,34.0,Missouri Football,15.0,19.0
46069,Hyde,Nebraska Football,College Football,34.0,Iowa Basketball,24.0,10.0
46067,Hutchinson,Nebraska Football,College Football,34.0,Iowa Basketball,24.0,10.0
46065,Hughes,Nebraska Football,College Football,34.0,Iowa Basketball,24.0,10.0
46057,Hamlin,Nebraska Football,College Football,34.0,Iowa Basketball,24.0,10.0
19101,Jefferson,Iowa State Football,College Football,34.0,Missouri Football,15.0,19.0
46079,Lake,Nebraska Football,College Football,34.0,Iowa Basketball,24.0,10.0
46083,Lincoln,Nebraska Football,College Football,34.0,Iowa Basketball,24.0,10.0
46085,Lyman,Nebraska Football,College Football,34.0,Iowa Basketball,24.0,10.0
46087,McCook,Nebraska Football,College Football,34.0,Iowa Basketball,24.0,10.0
19143,Osceola,Nebraska Football,College Football,34.0,Iowa Basketball,24.0,10.0
46077,Kingsbury,Nebraska Football,College Football,34.0,Iowa Basketball,24.0,10.0
46051,Grant,Nebraska Football,College Football,34.0,Iowa Basketball,24.0,10.0
46053,Gregory,Nebraska Football,College Football,34.0,Iowa Basketball,24.0,10.0
46049,Faulk,Nebraska Football,College Football,34.0,Iowa Basketball,24.0,10.0
46073,Jerauld,Nebraska Football,College Football,34.0,Iowa Basketball,24.0,10.0
27117,Pipestone,Nebraska Football,College Football,34.0,Iowa Basketball,24.0,10.0
46045,Edmunds,Nebraska Football,College Football,34.0,Iowa Basketball,24.0,10.0
46043,Douglas,Nebraska Football,College Football,34.0,Iowa Basketball,24.0,10.0
46059,Hand,Nebraska Football,College Football,34.0,Iowa Basketball,24.0,10.0
46115,Spink,Nebraska Football,College Football,34.0,Iowa Basketball,24.0,10.0
46111,Sanborn,Nebraska Football,College Football,34.0,Iowa Basketball,24.0,10.0
46109,Roberts,Nebraska Football,College Football,34.0,Iowa Basketball,24.0,10.0
46097,Miner,Nebraska Football,College Football,34.0,Iowa Basketball,24.0,10.0
46117,Stanley,Nebraska Football,College Football,34.0,Iowa Basketball,24.0,10.0
46035,Davison,Nebraska Football,College Football,34.0,Iowa Basketball,24.0,10.0
46027,Clay,Nebraska Football,College Football,34.0,Iowa Basketball,24.0,10.0
46029,Codington,Nebraska Football,College Football,34.0,Iowa Basketball,24.0,10.0
46089,McPherson,Nebraska Football,College Football,34.0,Iowa Basketball,24.0,10.0
46091,Marshall,Nebraska Football,College Football,34.0,Iowa Basketball,24.0,10.0
46009,Bon Homme,Nebraska Football,College Football,34.0,Iowa Basketball,24.0,10.0
46011,Brookings,Nebraska Football,College Football,34.0,Iowa Basketball,24.0,10.0
46013,Brown,Nebraska Football,College Football,34.0,Iowa Basketball,24.0,10.0
46005,Beadle,Nebraska Football,College Football,34.0,Iowa Basketball,24.0,10.0
46003,Aurora,Nebraska Football,College Football,34.0,Iowa Basketball,24.0,10.0
46017,Buffalo,Nebraska Football,College Football,34.0,Iowa Basketball,24.0,10.0
46021,Campbell,Nebraska Football,College Football,34.0,Iowa Basketball,24.0,10.0
46125,Turner,Nebraska Football,College Football,34.0,Iowa Basketball,24.0,10.0
46121,Todd,Nebraska Football,College Football,34.0,Iowa Basketball,24.0,10.0
46015,Brule,Nebraska Football,College Football,34.0,Iowa Basketball,24.0,10.0
46025,Clark,Nebraska Football,College Football,34.0,Iowa Basketball,24.0,10.0
46023,Charles Mix,Nebraska Football,College Football,34.0,Iowa Basketball,24.0,10.0
46123,Tripp,Nebraska Football,College Football,34.0,Iowa Basketball,24.0,10.0
46119,Sully,Nebraska Football,College Football,34.0,Iowa Basketball,24.0,10.0
46135,Yankton,Nebraska Football,College Football,34.0,Iowa Basketball,24.0,10.0
46129,Walworth,Nebraska Football,College Football,34.0,Iowa Basketball,24.0,10.0
46037,Day,Nebraska Football,College Football,34.0,Iowa Basketball,24.0,10.0
46095,Mellette,Nebraska Football,College Football,34.0,Iowa Basketball,24.0,10.0
46039,Deuel,Nebraska Football,College Football,34.0,Iowa Basketball,24.0,10.0
46041,Dewey,Nebraska Football,College Football,34.0,Iowa Basketball,24.0,10.0
46101,Moody,Nebraska Football,College Football,34.0,Iowa Basketball,24.0,10.0
46107,Potter,Nebraska Football,College Football,34.0,Iowa Basketball,24.0,10.0
46099,Minnehaha,Nebraska Football,College Football,34.0,Iowa Basketball,24.0,10.0
27105,Nobles,Nebraska Football,College Football,34.0,Iowa Basketball,24.0,10.0
27081,Lincoln,Nebraska Football,College Football,34.0,Iowa Basketball,24.0,10.0
29171,Putnam,Iowa State Football,College Football,34.0,Missouri Football,15.0,19.0
19119,Lyon,Nebraska Football,College Football,34.0,Iowa Basketball,24.0,10.0
29211,Sullivan,Iowa State Football,College Football,34.0,Missouri Football,15.0,19.0
29197,Schuyler,Iowa State Football,College Football,34.0,Missouri Football,15.0,19.0
29199,Scotland,Iowa State Football,College Football,34.0,Missouri Football,15.0,19.0
27101,Murray,Nebraska Football,College Football,34.0,Iowa Basketball,24.0,10.0
19051,Davis,Iowa State Football,College Football,34.0,Missouri Football,15.0,19.0
27133,Rock,Nebraska Football,College Football,34.0,Iowa Basketball,24.0,10.0
29121,Macon,Iowa State Football,College Football,34.0,Missouri Football,15.0,19.0
19177,Van Buren,Iowa State Football,College Football,34.0,Missouri Football,15.0,19.0
19179,Wapello,Iowa State Football,College Football,34.0,Missouri Football,15.0,19.0
17087,Johnson,Kentucky Basketball,College Basketball,33.5,Tennessee Football,14.75,18.75
12103,Pinellas,Florida Football,College Football,33.5,Michigan Football,20.0,13.5
29069,Dunklin,Kentucky Basketball,College Basketball,33.5,Tennessee Football,14.75,18.75
12101,Pasco,Florida Football,College Football,33.5,Michigan Football,20.0,13.5
17081,Jefferson,Kentucky Basketball,College Basketball,33.5,Tennessee Football,14.75,18.75
21033,Caldwell,Kentucky Basketball,College Basketball,33.5,Tennessee Football,14.75,18.75
12105,Polk,Florida Football,College Football,33.5,Michigan Football,20.0,13.5
12057,Hillsborough,Florida Football,College Football,33.5,Michigan Football,20.0,13.5
29133,Mississippi,Kentucky Basketball,College Basketball,33.5,Tennessee Football,14.75,18.75
21007,Ballard,Kentucky Basketball,College Basketball,33.5,Tennessee Football,14.75,18.75
12127,Volusia,Florida Football,College Football,33.5,UCF Football,29.666666666666668,3.833333333333332
17077,Jackson,Kentucky Basketball,College Basketball,33.5,Tennessee Football,14.75,18.75
29143,New Madrid,Kentucky Basketball,College Basketball,33.5,Tennessee Football,14.75,18.75
29157,Perry,Kentucky Basketball,College Basketball,33.5,Tennessee Football,14.75,18.75
29181,Ripley,Kentucky Basketball,College Basketball,33.5,Tennessee Football,14.75,18.75
12049,Hardee,Florida Football,College Football,33.5,Michigan Football,20.0,13.5
47095,Lake,Kentucky Basketball,College Basketball,33.5,Tennessee Football,14.75,18.75
12095,Orange,Florida Football,College Football,33.5,UCF Football,29.666666666666668,3.833333333333332
17065,Hamilton,Kentucky Basketball,College Basketball,33.5,Tennessee Football,14.75,18.75
47183,Weakley,Kentucky Basketball,College Basketball,33.5,Tennessee Football,14.75,18.75
29207,Stoddard,Kentucky Basketball,College Basketball,33.5,Tennessee Football,14.75,18.75
17069,Hardin,Kentucky Basketball,College Basketball,33.5,Tennessee Football,14.75,18.75
21035,Calloway,Kentucky Basketball,College Basketball,33.5,Tennessee Football,14.75,18.75
12009,Brevard,Florida Football,College Football,33.5,UCF Football,29.666666666666668,3.833333333333332
21039,Carlisle,Kentucky Basketball,College Basketball,33.5,Tennessee Football,14.75,18.75
29123,Madison,Kentucky Basketball,College Basketball,33.5,Tennessee Football,14.75,18.75
12017,Citrus,Florida Football,College Football,33.5,Michigan Football,20.0,13.5
21105,Hickman,Kentucky Basketball,College Basketball,33.5,Tennessee Football,14.75,18.75
17003,Alexander,Kentucky Basketball,College Basketball,33.5,Tennessee Football,14.75,18.75
17127,Massac,Kentucky Basketball,College Basketball,33.5,Tennessee Football,14.75,18.75
17145,Perry,Kentucky Basketball,College Basketball,33.5,Tennessee Football,14.75,18.75
17151,Pope,Kentucky Basketball,College Basketball,33.5,Tennessee Football,14.75,18.75
21083,Graves,Kentucky Basketball,College Basketball,33.5,Tennessee Football,14.75,18.75
12119,Sumter,Florida Football,College Football,33.5,UCF Football,29.666666666666668,3.833333333333332
12001,Alachua,Florida State Football,College Football,33.5,Alabama Football,32.0,1.5
12035,Flagler,Florida Football,College Football,33.5,UCF Football,29.666666666666668,3.833333333333332
12117,Seminole,Florida Football,College Football,33.5,UCF Football,29.666666666666668,3.833333333333332
21139,Livingston,Kentucky Basketball,College Basketball,33.5,Tennessee Football,14.75,18.75
12069,Lake,Florida Football,College Football,33.5,UCF Football,29.666666666666668,3.833333333333332
12075,Levy,Florida State Football,College Football,33.5,Alabama Football,32.0,1.5
12081,Manatee,Florida Football,College Football,33.5,Michigan Football,20.0,13.5
21145,McCracken,Kentucky Basketball,College Basketball,33.5,Tennessee Football,14.75,18.75
29017,Bollinger,Kentucky Basketball,College Basketball,33.5,Tennessee Football,14.75,18.75
12083,Marion,Florida Football,College Football,33.5,UCF Football,29.666666666666668,3.833333333333332
12029,Dixie,Florida State Football,College Football,33.5,Alabama Football,32.0,1.5
21157,Marshall,Kentucky Basketball,College Basketball,33.5,Tennessee Football,14.75,18.75
21055,Crittenden,Kentucky Basketball,College Basketball,33.5,Tennessee Football,14.75,18.75
17199,Williamson,Kentucky Basketball,College Basketball,33.5,Tennessee Football,14.75,18.75
12041,Gilchrist,Florida State Football,College Football,33.5,Alabama Football,32.0,1.5
17153,Pulaski,Kentucky Basketball,College Basketball,33.5,Tennessee Football,14.75,18.75
21075,Fulton,Kentucky Basketball,College Basketball,33.5,Tennessee Football,14.75,18.75
21143,Lyon,Kentucky Basketball,College Basketball,33.5,Tennessee Football,14.75,18.75
12115,Sarasota,Florida Football,College Football,33.5,Michigan Football,20.0,13.5
29023,Butler,Kentucky Basketball,College Basketball,33.5,Tennessee Football,14.75,18.75
47131,Obion,Kentucky Basketball,College Basketball,33.5,Tennessee Football,14.75,18.75
17165,Saline,Kentucky Basketball,College Basketball,33.5,Tennessee Football,14.75,18.75
29031,Cape Girardeau,Kentucky Basketball,College Basketball,33.5,Tennessee Football,14.75,18.75
29035,Carter,Kentucky Basketball,College Basketball,33.5,Tennessee Football,14.75,18.75
17059,Gallatin,Kentucky Basketball,College Basketball,33.5,Tennessee Football,14.75,18.75
17055,Franklin,Kentucky Basketball,College Basketball,33.5,Tennessee Football,14.75,18.75
29201,Scott,Kentucky Basketball,College Basketball,33.5,Tennessee Football,14.75,18.75
29223,Wayne,Kentucky Basketball,College Basketball,33.5,Tennessee Football,14.75,18.75
12097,Osceola,Florida Football,College Football,33.5,UCF Football,29.666666666666668,3.833333333333332
17181,Union,Kentucky Basketball,College Basketball,33.5,Tennessee Football,14.75,18.75
12055,Highlands,Florida Football,College Football,33.5,Michigan Football,20.0,13.5
12053,Hernando,Florida Football,College Football,33.5,Michigan Football,20.0,13.5
51079,Greene,Virginia Football,College Football,33.0,Virginia Tech Football,12.0,21.0
48309,McLennan,Texas Football,College Football,33.0,Texas A&M Football,15.0,18.0
51137,Orange,Virginia Football,College Football,33.0,Virginia Tech Football,12.0,21.0
48313,Madison,Texas Football,College Football,33.0,Texas A&M Football,15.0,18.0
51065,Fluvanna,Virginia Football,College Football,33.0,Virginia Tech Football,12.0,21.0
12051,Hendry,Florida Football,College Football,33.0,Michigan Football,29.0,4.0
48333,Mills,Texas Football,College Football,33.0,Texas A&M Football,15.0,18.0
48027,Bell,Texas Football,College Football,33.0,Texas A&M Football,15.0,18.0
12015,Charlotte,Florida Football,College Football,33.0,Michigan Football,29.0,4.0
48331,Milam,Texas Football,College Football,33.0,Texas A&M Football,15.0,18.0
48099,Coryell,Texas Football,College Football,33.0,Texas A&M Football,15.0,18.0
48145,Falls,Texas Football,College Football,33.0,Texas A&M Football,15.0,18.0
48281,Lampasas,Texas Football,College Football,33.0,Texas A&M Football,15.0,18.0
48289,Leon,Texas Football,College Football,33.0,Texas A&M Football,15.0,18.0
12071,Lee,Florida Football,College Football,33.0,Michigan Football,29.0,4.0
48411,San Saba,Texas Football,College Football,33.0,Texas A&M Football,15.0,18.0
48051,Burleson,Texas Football,College Football,33.0,Texas A&M Football,15.0,18.0
48041,Brazos,Texas Football,College Football,33.0,Texas A&M Football,15.0,18.0
51540,Charlottesville City,Virginia Football,College Football,33.0,Virginia Tech Football,12.0,21.0
12043,Glades,Florida Football,College Football,33.0,Michigan Football,29.0,4.0
12021,Collier,Florida Football,College Football,33.0,Michigan Football,29.0,4.0
51113,Madison,Virginia Football,College Football,33.0,Virginia Tech Football,12.0,21.0
48395,Robertson,Texas Football,College Football,33.0,Texas A&M Football,15.0,18.0
48293,Limestone,Texas Football,College Football,33.0,Texas A&M Football,15.0,18.0
12027,De Soto,Florida Football,College Football,33.0,Michigan Football,29.0,4.0
51003,Albemarle,Virginia Football,College Football,33.0,Virginia Tech Football,12.0,21.0
12011,Broward,Florida Football,College Football,32.5,Miami Heat,14.666666666666666,17.833333333333336
12086,Miami-Dade,Florida Football,College Football,32.5,Miami Heat,14.666666666666666,17.833333333333336
12087,Monroe,Florida Football,College Football,32.5,Miami Heat,14.666666666666666,17.833333333333336
28131,Stone,Alabama Football,College Football,32.333333333333336,LSU Football,29.0,3.3333333333333357
28039,George,Alabama Football,College Football,32.333333333333336,LSU Football,29.0,3.3333333333333357
28059,Jackson,Alabama Football,College Football,32.333333333333336,LSU Football,29.0,3.3333333333333357
28047,Harrison,Alabama Football,College Football,32.333333333333336,LSU Football,29.0,3.3333333333333357
31145,Red Willow,Iowa Football,College Football,31.5,Kansas Football,24.0,7.5
31061,Franklin,Iowa Football,College Football,31.5,Kansas Football,24.0,7.5
20089,Jewell,Iowa Football,College Football,31.5,Kansas Football,24.0,7.5
31041,Custer,Iowa Football,College Football,31.5,Kansas Football,24.0,7.5
12033,Escambia,LSU Football,College Football,31.5,Texas Football,22.0,9.5
31059,Fillmore,Iowa Football,College Football,31.5,Kansas Football,24.0,7.5
31047,Dawson,Iowa Football,College Football,31.5,Kansas Football,24.0,7.5
31079,Hall,Iowa Football,College Football,31.5,Kansas Football,24.0,7.5
01035,Conecuh,LSU Football,College Football,31.5,Texas Football,22.0,9.5
31019,Buffalo,Iowa Football,College Football,31.5,Kansas Football,24.0,7.5
31017,Brown,Iowa Football,College Football,31.5,Kansas Football,24.0,7.5
31035,Clay,Iowa Football,College Football,31.5,Kansas Football,24.0,7.5
31071,Garfield,Iowa Football,College Football,31.5,Kansas Football,24.0,7.5
31067,Gage,Iowa Football,College Football,31.5,Kansas Football,24.0,7.5
31073,Gosper,Iowa Football,College Football,31.5,Kansas Football,24.0,7.5
01053,Escambia,LSU Football,College Football,31.5,Texas Football,22.0,9.5
31063,Frontier,Iowa Football,College Football,31.5,Kansas Football,24.0,7.5
31065,Furnas,Iowa Football,College Football,31.5,Kansas Football,24.0,7.5
31023,Butler,Iowa Football,College Football,31.5,Kansas Football,24.0,7.5
20147,Phillips,Iowa Football,College Football,31.5,Kansas Football,24.0,7.5
31029,Chase,Iowa Football,College Football,31.5,Kansas Football,24.0,7.5
31095,Jefferson,Iowa Football,College Football,31.5,Kansas Football,24.0,7.5
31093,Howard,Iowa Football,College Football,31.5,Kansas Football,24.0,7.5
31099,Kearney,Iowa Football,College Football,31.5,Kansas Football,24.0,7.5
31185,York,Iowa Football,College Football,31.5,Kansas Football,24.0,7.5
31115,Loup,Iowa Football,College Football,31.5,Kansas Football,24.0,7.5
31009,Blaine,Iowa Football,College Football,31.5,Kansas Football,24.0,7.5
12113,Santa Rosa,LSU Football,College Football,31.5,Texas Football,22.0,9.5
31003,Antelope,Iowa Football,College Football,31.5,Kansas Football,24.0,7.5
31015,Boyd,Iowa Football,College Football,31.5,Kansas Football,24.0,7.5
31001,Adams,Iowa Football,College Football,31.5,Kansas Football,24.0,7.5
31011,Boone,Iowa Football,College Football,31.5,Kansas Football,24.0,7.5
31089,Holt,Iowa Football,College Football,31.5,Kansas Football,24.0,7.5
31085,Hayes,Iowa Football,College Football,31.5,Kansas Football,24.0,7.5
31081,Hamilton,Iowa Football,College Football,31.5,Kansas Football,24.0,7.5
31087,Hitchcock,Iowa Football,College Football,31.5,Kansas Football,24.0,7.5
20157,Republic,Iowa Football,College Football,31.5,Kansas Football,24.0,7.5
01129,Washington,LSU Football,College Football,31.5,Texas Football,22.0,9.5
31077,Greeley,Iowa Football,College Football,31.5,Kansas Football,24.0,7.5
31083,Harlan,Iowa Football,College Football,31.5,Kansas Football,24.0,7.5
28041,Greene,LSU Football,College Football,31.5,Texas Football,22.0,9.5
31151,Saline,Iowa Football,College Football,31.5,Kansas Football,24.0,7.5
31149,Rock,Iowa Football,College Football,31.5,Kansas Football,24.0,7.5
31129,Nuckolls,Iowa Football,College Football,31.5,Kansas Football,24.0,7.5
31133,Pawnee,Iowa Football,College Football,31.5,Kansas Football,24.0,7.5
31135,Perkins,Iowa Football,College Football,31.5,Kansas Football,24.0,7.5
31137,Phelps,Iowa Football,College Football,31.5,Kansas Football,24.0,7.5
31163,Sherman,Iowa Football,College Football,31.5,Kansas Football,24.0,7.5
31121,Merrick,Iowa Football,College Football,31.5,Kansas Football,24.0,7.5
01003,Baldwin,LSU Football,College Football,31.5,Texas Football,22.0,9.5
31159,Seward,Iowa Football,College Football,31.5,Kansas Football,24.0,7.5
31169,Thayer,Iowa Football,College Football,31.5,Kansas Football,24.0,7.5
31125,Nance,Iowa Football,College Football,31.5,Kansas Football,24.0,7.5
01025,Clarke,LSU Football,College Football,31.5,Texas Football,22.0,9.5
12091,Okaloosa,LSU Football,College Football,31.5,Texas Football,22.0,9.5
20183,Smith,Iowa Football,College Football,31.5,Kansas Football,24.0,7.5
31183,Wheeler,Iowa Football,College Football,31.5,Kansas Football,24.0,7.5
31109,Lancaster,Iowa Football,College Football,31.5,Kansas Football,24.0,7.5
01097,Mobile,LSU Football,College Football,31.5,Texas Football,22.0,9.5
31103,Keya Paha,Iowa Football,College Football,31.5,Kansas Football,24.0,7.5
01099,Monroe,LSU Football,College Football,31.5,Texas Football,22.0,9.5
31143,Polk,Iowa Football,College Football,31.5,Kansas Football,24.0,7.5
31181,Webster,Iowa Football,College Football,31.5,Kansas Football,24.0,7.5
31175,Valley,Iowa Football,College Football,31.5,Kansas Football,24.0,7.5
36009,Cattaraugus,Buffalo Bills,NFL,31.0,Penn State Football,8.375,22.625
36003,Allegany,Buffalo Bills,NFL,31.0,Penn State Football,8.375,22.625
36013,Chautauqua,Buffalo Bills,NFL,31.0,Penn State Football,8.375,22.625
36029,Erie,Buffalo Bills,NFL,31.0,Penn State Football,8.375,22.625
36037,Genesee,Buffalo Bills,NFL,31.0,Penn State Football,8.375,22.625
42083,McKean,Buffalo Bills,NFL,31.0,Penn State Football,8.375,22.625
36073,Orleans,Buffalo Bills,NFL,31.0,Penn State Football,8.375,22.625
36063,Niagara,Buffalo Bills,NFL,31.0,Penn State Football,8.375,22.625
42105,Potter,Buffalo Bills,NFL,31.0,Penn State Football,8.375,22.625
36121,Wyoming,Buffalo Bills,NFL,31.0,Penn State Football,8.375,22.625
22117,Washington,Tulane Football,College Football,30.666666666666668,Alabama Football,24.0,6.666666666666668
22105,Tangipahoa,Tulane Football,College Football,30.666666666666668,Alabama Football,24.0,6.666666666666668
22071,Orleans,Tulane Football,College Football,30.666666666666668,Alabama Football,24.0,6.666666666666668
22057,Lafourche,Tulane Football,College Football,30.666666666666668,Alabama Football,24.0,6.666666666666668
25011,Franklin,UConn Basketball,College Basketball,30.666666666666668,Notre Dame Football,7.181818181818182,23.484848484848484
25013,Hampden,UConn Basketball,College Basketball,30.666666666666668,Notre Dame Football,7.181818181818182,23.484848484848484
28109,Pearl River,Tulane Football,College Football,30.666666666666668,Alabama Football,24.0,6.666666666666668
22109,Terrebonne,Tulane Football,College Football,30.666666666666668,Alabama Football,24.0,6.666666666666668
22103,Saint Tammany,Tulane Football,College Football,30.666666666666668,Alabama Football,24.0,6.666666666666668
22089,Saint Charles,Tulane Football,College Football,30.666666666666668,Alabama Football,24.0,6.666666666666668
22093,Saint James,Tulane Football,College Football,30.666666666666668,Alabama Football,24.0,6.666666666666668
22075,Plaquemines,Tulane Football,College Football,30.666666666666668,Alabama Football,24.0,6.666666666666668
22095,St John the Baptist,Tulane Football,College Football,30.666666666666668,Alabama Football,24.0,6.666666666666668
22087,Saint Bernard,Tulane Football,College Football,30.666666666666668,Alabama Football,24.0,6.666666666666668
22051,Jefferson,Tulane Football,College Football,30.666666666666668,Alabama Football,24.0,6.666666666666668
28045,Hancock,Tulane Football,College Football,30.666666666666668,Alabama Football,24.0,6.666666666666668
25015,Hampshire,UConn Basketball,College Basketball,30.666666666666668,Notre Dame Football,7.181818181818182,23.484848484848484
45033,Dillon,Clemson Football,College Football,29.666666666666668,South Carolina Football,16.2,13.466666666666669
45067,Marion,Clemson Football,College Football,29.666666666666668,South Carolina Football,16.2,13.466666666666669
37165,Scotland,Clemson Football,College Football,29.666666666666668,South Carolina Football,16.2,13.466666666666669
37155,Robeson,Clemson Football,College Football,29.666666666666668,South Carolina Football,16.2,13.466666666666669
45051,Horry,Clemson Football,College Football,29.666666666666668,South Carolina Football,16.2,13.466666666666669
45031,Darlington,Clemson Football,College Football,29.666666666666668,South Carolina Football,16.2,13.466666666666669
45041,Florence,Clemson Football,College Football,29.666666666666668,South Carolina Football,16.2,13.466666666666669
45069,Marlboro,Clemson Football,College Football,29.666666666666668,South Carolina Football,16.2,13.466666666666669
54021,Gilmer,Virginia Football,College Football,29.0,West Virginia Football,27.666666666666668,1.3333333333333321
54093,Tucker,Virginia Football,College Football,29.0,West Virginia Football,27.666666666666668,1.3333333333333321
54091,Taylor,Virginia Football,College Football,29.0,West Virginia Football,27.666666666666668,1.3333333333333321
54049,Marion,Virginia Football,College Football,29.0,West Virginia Football,27.666666666666668,1.3333333333333321
54085,Ritchie,Virginia Football,College Football,29.0,West Virginia Football,27.666666666666668,1.3333333333333321
54097,Upshur,Virginia Football,College Football,29.0,West Virginia Football,27.666666666666668,1.3333333333333321
54041,Lewis,Virginia Football,College Football,29.0,West Virginia Football,27.666666666666668,1.3333333333333321
54033,Harrison,Virginia Football,College Football,29.0,West Virginia Football,27.666666666666668,1.3333333333333321
54083,Randolph,Virginia Football,College Football,29.0,West Virginia Football,27.666666666666668,1.3333333333333321
54017,Doddridge,Virginia Football,College Football,29.0,West Virginia Football,27.666666666666668,1.3333333333333321
54101,Webster,Virginia Football,College Football,29.0,West Virginia Football,27.666666666666668,1.3333333333333321
54001,Barbour,Virginia Football,College Football,29.0,West Virginia Football,27.666666666666668,1.3333333333333321
37187,Washington,Duke Basketball,College Basketball,28.666666666666668,NC State Football,12.285714285714286,16.38095238095238
37095,Hyde,Duke Basketball,College Basketball,28.666666666666668,NC State Football,12.285714285714286,16.38095238095238
37079,Greene,Duke Basketball,College Basketball,28.666666666666668,NC State Football,12.285714285714286,16.38095238095238
37137,Pamlico,Duke Basketball,College Basketball,28.666666666666668,NC State Football,12.285714285714286,16.38095238095238
37133,Onslow,Duke Basketball,College Basketball,28.666666666666668,NC State Football,12.285714285714286,16.38095238095238
37107,Lenoir,Duke Basketball,College Basketball,28.666666666666668,NC State Football,12.285714285714286,16.38095238095238
37013,Beaufort,Duke Basketball,College Basketball,28.666666666666668,NC State Football,12.285714285714286,16.38095238095238
37049,Craven,Duke Basketball,College Basketball,28.666666666666668,NC State Football,12.285714285714286,16.38095238095238
37061,Duplin,Duke Basketball,College Basketball,28.666666666666668,NC State Football,12.285714285714286,16.38095238095238
37031,Carteret,Duke Basketball,College Basketball,28.666666666666668,NC State Football,12.285714285714286,16.38095238095238
37015,Bertie,Duke Basketball,College Basketball,28.666666666666668,NC State Football,12.285714285714286,16.38095238095238
37147,Pitt,Duke Basketball,College Basketball,28.666666666666668,NC State Football,12.285714285714286,16.38095238095238
37177,Tyrrell,Duke Basketball,College Basketball,28.666666666666668,NC State Football,12.285714285714286,16.38095238095238
37117,Martin,Duke Basketball,College Basketball,28.666666666666668,NC State Football,12.285714285714286,16.38095238095238
37103,Jones,Duke Basketball,College Basketball,28.666666666666668,NC State Football,12.285714285714286,16.38095238095238
17141,Ogle,Illinois Football,College Football,28.5,Iowa Basketball,16.333333333333332,12.166666666666668
36043,Herkimer,Syracuse Basketball,College Basketball,28.5,Syracuse Football,19.5,9.0
17201,Winnebago,Illinois Football,College Football,28.5,Iowa Basketball,16.333333333333332,12.166666666666668
36077,Otsego,Syracuse Basketball,College Basketball,28.5,Syracuse Football,19.5,9.0
36065,Oneida,Syracuse Basketball,College Basketball,28.5,Syracuse Football,19.5,9.0
17177,Stephenson,Illinois Football,College Football,28.5,Iowa Basketball,16.333333333333332,12.166666666666668
17103,Lee,Illinois Football,College Football,28.5,Iowa Basketball,16.333333333333332,12.166666666666668
17007,Boone,Illinois Football,College Football,28.5,Iowa Basketball,16.333333333333332,12.166666666666668
01039,Covington,Troy Football,College Football,28.333333333333332,Texas Football,22.5,5.833333333333332
01105,Perry,Troy Football,College Football,28.333333333333332,Texas Football,22.5,5.833333333333332
01087,Macon,Troy Football,College Football,28.333333333333332,Texas Football,22.5,5.833333333333332
01085,Lowndes,Troy Football,College Football,28.333333333333332,Texas Football,22.5,5.833333333333332
01041,Crenshaw,Troy Football,College Football,28.333333333333332,Texas Football,22.5,5.833333333333332
01123,Tallapoosa,Troy Football,College Football,28.333333333333332,Texas Football,22.5,5.833333333333332
01011,Bullock,Troy Football,College Football,28.333333333333332,Texas Football,22.5,5.833333333333332
01131,Wilcox,Troy Football,College Football,28.333333333333332,Texas Football,22.5,5.833333333333332
01091,Marengo,Troy Football,College Football,28.333333333333332,Texas Football,22.5,5.833333333333332
01013,Butler,Troy Football,College Football,28.333333333333332,Texas Football,22.5,5.833333333333332
01001,Autauga,Troy Football,College Football,28.333333333333332,Texas Football,22.5,5.833333333333332
01109,Pike,Troy Football,College Football,28.333333333333332,Texas Football,22.5,5.833333333333332
01047,Dallas,Troy Football,College Football,28.333333333333332,Texas Football,22.5,5.833333333333332
01101,Montgomery,Troy Football,College Football,28.333333333333332,Texas Football,22.5,5.833333333333332
01051,Elmore,Troy Football,College Football,28.333333333333332,Texas Football,22.5,5.833333333333332
06037,Los Angeles,USC Football,College Football,28.0,UCLA Football,17.0,11.0
06065,Riverside,USC Football,College Football,28.0,UCLA Football,17.0,11.0
06059,Orange,USC Football,College Football,28.0,UCLA Football,17.0,11.0
06071,San Bernardino,USC Football,College Football,28.0,UCLA Football,17.0,11.0
06027,Inyo,USC Football,College Football,28.0,UCLA Football,17.0,11.0
06111,Ventura,USC Football,College Football,28.0,UCLA Football,17.0,11.0
41019,Douglas,Washington Football,College Football,27.0,USC Football,17.0,10.0
41039,Lane,Washington Football,College Football,27.0,USC Football,17.0,10.0
29021,Buchanan,Missouri Football,College Football,27.0,Kansas Basketball,21.5,5.5
20043,Doniphan,Missouri Football,College Football,27.0,Kansas Basketball,21.5,5.5
41011,Coos,Washington Football,College Football,27.0,USC Football,17.0,10.0
29003,Andrew,Missouri Football,College Football,27.0,Kansas Football,21.5,5.5
41003,Benton,Washington Football,College Football,27.0,USC Football,17.0,10.0
29063,Dekalb,Missouri Football,College Football,27.0,Kansas Basketball,21.5,5.5
21011,Bath,Tennessee Football,College Football,26.5,Louisville Basketball,26.333333333333332,0.16666666666666785
21021,Boyle,Tennessee Football,College Football,26.5,Louisville Basketball,26.333333333333332,0.16666666666666785
21235,Whitley,Tennessee Football,College Football,26.5,Louisville Basketball,26.333333333333332,0.16666666666666785
21237,Wolfe,Tennessee Football,College Football,26.5,Louisville Basketball,26.333333333333332,0.16666666666666785
21231,Wayne,Tennessee Football,College Football,26.5,Louisville Basketball,26.333333333333332,0.16666666666666785
21005,Anderson,Tennessee Football,College Football,26.5,Louisville Basketball,26.333333333333332,0.16666666666666785
21025,Breathitt,Tennessee Football,College Football,26.5,Louisville Basketball,26.333333333333332,0.16666666666666785
21239,Woodford,Tennessee Football,College Football,26.5,Louisville Basketball,26.333333333333332,0.16666666666666785
21017,Bourbon,Tennessee Football,College Football,26.5,Louisville Basketball,26.333333333333332,0.16666666666666785
21207,Russell,Tennessee Football,College Football,26.5,Louisville Basketball,26.333333333333332,0.16666666666666785
21209,Scott,Tennessee Football,College Football,26.5,Louisville Basketball,26.333333333333332,0.16666666666666785
21203,Rockcastle,Tennessee Football,College Football,26.5,Louisville Basketball,26.333333333333332,0.16666666666666785
21049,Clark,Tennessee Football,College Football,26.5,Louisville Basketball,26.333333333333332,0.16666666666666785
21045,Casey,Tennessee Football,College Football,26.5,Louisville Basketball,26.333333333333332,0.16666666666666785
21073,Franklin,Tennessee Football,College Football,26.5,Louisville Basketball,26.333333333333332,0.16666666666666785
21079,Garrard,Tennessee Football,College Football,26.5,Louisville Basketball,26.333333333333332,0.16666666666666785
21173,Montgomery,Tennessee Football,College Football,26.5,Louisville Basketball,26.333333333333332,0.16666666666666785
21167,Mercer,Tennessee Football,College Football,26.5,Louisville Basketball,26.333333333333332,0.16666666666666785
21097,Harrison,Tennessee Football,College Football,26.5,Louisville Basketball,26.333333333333332,0.16666666666666785
21165,Menifee,Tennessee Football,College Football,26.5,Louisville Basketball,26.333333333333332,0.16666666666666785
21153,Magoffin,Tennessee Football,College Football,26.5,Louisville Basketball,26.333333333333332,0.16666666666666785
21175,Morgan,Tennessee Football,College Football,26.5,Louisville Basketball,26.333333333333332,0.16666666666666785
21109,Jackson,Tennessee Football,College Football,26.5,Louisville Basketball,26.333333333333332,0.16666666666666785
21137,Lincoln,Tennessee Football,College Football,26.5,Louisville Basketball,26.333333333333332,0.16666666666666785
21129,Lee,Tennessee Football,College Football,26.5,Louisville Basketball,26.333333333333332,0.16666666666666785
21151,Madison,Tennessee Football,College Football,26.5,Louisville Basketball,26.333333333333332,0.16666666666666785
21125,Laurel,Tennessee Football,College Football,26.5,Louisville Basketball,26.333333333333332,0.16666666666666785
21121,Knox,Tennessee Football,College Football,26.5,Louisville Basketball,26.333333333333332,0.16666666666666785
21119,Knott,Tennessee Football,College Football,26.5,Louisville Basketball,26.333333333333332,0.16666666666666785
21113,Jessamine,Tennessee Football,College Football,26.5,Louisville Basketball,26.333333333333332,0.16666666666666785
21193,Perry,Tennessee Football,College Football,26.5,Louisville Basketball,26.333333333333332,0.16666666666666785
21197,Powell,Tennessee Football,College Football,26.5,Louisville Basketball,26.333333333333332,0.16666666666666785
21199,Pulaski,Tennessee Football,College Football,26.5,Louisville Basketball,26.333333333333332,0.16666666666666785
21069,Fleming,Tennessee Football,College Football,26.5,Louisville Basketball,26.333333333333332,0.16666666666666785
21181,Nicholas,Tennessee Football,College Football,26.5,Louisville Basketball,26.333333333333332,0.16666666666666785
21189,Owsley,Tennessee Football,College Football,26.5,Louisville Basketball,26.333333333333332,0.16666666666666785
21067,Fayette,Tennessee Football,College Football,26.5,Louisville Basketball,26.333333333333332,0.16666666666666785
21065,Estill,Tennessee Football,College Football,26.5,Louisville Basketball,26.333333333333332,0.16666666666666785
21205,Rowan,Tennessee Football,College Football,26.5,Louisville Basketball,26.333333333333332,0.16666666666666785
21051,Clay,Tennessee Football,College Football,26.5,Louisville Basketball,26.333333333333332,0.16666666666666785
31171,Thomas,Colorado Football,College Football,26.0,Michigan Football,24.5,1.5
55105,Rock,Iowa Football,College Football,26.0,Iowa Basketball,23.5,2.5
55111,Sauk,Iowa Football,College Football,26.0,Iowa Basketball,23.5,2.5
55025,Dane,Iowa Football,College Football,26.0,Iowa Basketball,23.5,2.5
55103,Richland,Iowa Football,College Football,26.0,Iowa Basketball,23.5,2.5
55021,Columbia,Iowa Football,College Football,26.0,Iowa Basketball,23.5,2.5
55043,Grant,Iowa Football,College Football,26.0,Iowa Basketball,23.5,2.5
31117,McPherson,Colorado Football,College Football,26.0,Michigan Football,24.5,1.5
31113,Logan,Colorado Football,College Football,26.0,Michigan Football,24.5,1.5
31111,Lincoln,Colorado Football,College Football,26.0,Michigan Football,24.5,1.5
55045,Green,Iowa Football,College Football,26.0,Iowa Basketball,23.5,2.5
55057,Juneau,Iowa Football,College Football,26.0,Iowa Basketball,23.5,2.5
55049,Iowa,Iowa Football,College Football,26.0,Iowa Basketball,23.5,2.5
55077,Marquette,Iowa Football,College Football,26.0,Iowa Basketball,23.5,2.5
55065,Lafayette,Iowa Football,College Football,26.0,Iowa Basketball,23.5,2.5
17015,Carroll,Iowa State Football,College Football,25.333333333333332,Notre Dame Football,7.8,17.53333333333333
17071,Henderson,Iowa State Football,College Football,25.333333333333332,Notre Dame Football,7.8,17.53333333333333
17011,Bureau,Iowa State Football,College Football,25.333333333333332,Notre Dame Football,7.8,17.53333333333333
19097,Jackson,Iowa State Football,College Football,25.333333333333332,Notre Dame Football,7.8,17.53333333333333
19087,Henry,Iowa State Football,College Football,25.333333333333332,Notre Dame Football,7.8,17.53333333333333
19163,Scott,Iowa State Football,College Football,25.333333333333332,Notre Dame Football,7.8,17.53333333333333
17073,Henry,Iowa State Football,College Football,25.333333333333332,Notre Dame Football,7.8,17.53333333333333
17085,Jo Daviess,Iowa State Football,College Football,25.333333333333332,Notre Dame Football,7.8,17.53333333333333
19057,Des Moines,Iowa State Football,College Football,25.333333333333332,Notre Dame Football,7.8,17.53333333333333
19115,Louisa,Iowa State Football,College Football,25.333333333333332,Notre Dame Football,7.8,17.53333333333333
17095,Knox,Iowa State Football,College Football,25.333333333333332,Notre Dame Football,7.8,17.53333333333333
17161,Rock Island,Iowa State Football,College Football,25.333333333333332,Notre Dame Football,7.8,17.53333333333333
19139,Muscatine,Iowa State Football,College Football,25.333333333333332,Notre Dame Football,7.8,17.53333333333333
19045,Clinton,Iowa State Football,College Football,25.333333333333332,Notre Dame Football,7.8,17.53333333333333
17131,Mercer,Iowa State Football,College Football,25.333333333333332,Notre Dame Football,7.8,17.53333333333333
17187,Warren,Iowa State Football,College Football,25.333333333333332,Notre Dame Football,7.8,17.53333333333333
17195,Whiteside,Iowa State Football,College Football,25.333333333333332,Notre Dame Football,7.8,17.53333333333333
22101,Saint Mary,Alabama Football,College Football,24.0,Texas Football,18.333333333333332,5.666666666666668
13183,Long,Alabama Football,College Football,24.0,Clemson Football,16.4,7.600000000000001
13001,Appling,Alabama Football,College Football,24.0,Clemson Football,16.4,7.600000000000001
28005,Amite,Alabama Football,College Football,24.0,Texas Football,18.333333333333332,5.666666666666668
13251,Screven,Alabama Football,College Football,24.0,Clemson Football,16.4,7.600000000000001
13161,Jeff Davis,Alabama Football,College Football,24.0,Clemson Football,16.4,7.600000000000001
13267,Tattnall,Alabama Football,College Football,24.0,Clemson Football,16.4,7.600000000000001
13279,Toombs,Alabama Football,College Football,24.0,Clemson Football,16.4,7.600000000000001
45049,Hampton,Alabama Football,College Football,24.0,Clemson Football,16.4,7.600000000000001
45053,Jasper,Alabama Football,College Football,24.0,Clemson Football,16.4,7.600000000000001
13051,Chatham,Alabama Football,College Football,24.0,Clemson Football,16.4,7.600000000000001
22007,Assumption,Alabama Football,College Football,24.0,Texas Football,18.333333333333332,5.666666666666668
22005,Ascension,Alabama Football,College Football,24.0,Texas Football,18.333333333333332,5.666666666666668
13305,Wayne,Alabama Football,College Football,24.0,Clemson Football,16.4,7.600000000000001
22121,West Baton Rouge,Alabama Football,College Football,24.0,Texas Football,18.333333333333332,5.666666666666668
13043,Candler,Alabama Football,College Football,24.0,Clemson Football,16.4,7.600000000000001
22047,Iberville,Alabama Football,College Football,24.0,Texas Football,18.333333333333332,5.666666666666668
22037,East Feliciana,Alabama Football,College Football,24.0,Texas Football,18.333333333333332,5.666666666666668
13209,Montgomery,Alabama Football,College Football,24.0,Clemson Football,16.4,7.600000000000001
28157,Wilkinson,Alabama Football,College Football,24.0,Texas Football,18.333333333333332,5.666666666666668
22033,East Baton Rouge,Alabama Football,College Football,24.0,Texas Football,18.333333333333332,5.666666666666668
13031,Bulloch,Alabama Football,College Football,24.0,Clemson Football,16.4,7.600000000000001
13029,Bryan,Alabama Football,College Football,24.0,Clemson Football,16.4,7.600000000000001
13103,Effingham,Alabama Football,College Football,24.0,Clemson Football,16.4,7.600000000000001
22063,Livingston,Alabama Football,College Football,24.0,Texas Football,18.333333333333332,5.666666666666668
13109,Evans,Alabama Football,College Football,24.0,Clemson Football,16.4,7.600000000000001
13179,Liberty,Alabama Football,College Football,24.0,Clemson Football,16.4,7.600000000000001
13191,McIntosh,Alabama Football,College Football,24.0,Clemson Football,16.4,7.600000000000001
13005,Bacon,Alabama Football,College Football,24.0,Clemson Football,16.4,7.600000000000001
22091,Saint Helena,Alabama Football,College Football,24.0,Texas Football,18.333333333333332,5.666666666666668
22077,Pointe Coupee,Alabama Football,College Football,24.0,Texas Football,18.333333333333332,5.666666666666668
22125,West Feliciana,Alabama Football,College Football,24.0,Texas Football,18.333333333333332,5.666666666666668
45013,Beaufort,Alabama Football,College Football,24.0,Clemson Football,16.4,7.600000000000001
13025,Brantley,Alabama Football,College Football,23.75,Florida State Football,15.0,8.75
13299,Ware,Alabama Football,College Football,23.75,Florida State Football,15.0,8.75
06107,Tulare,Fresno State Football,College Football,23.75,USC Football,3.4,20.35
13049,Charlton,Alabama Football,College Football,23.75,Florida State Football,15.0,8.75
13039,Camden,Alabama Football,College Football,23.75,Florida State Football,15.0,8.75
12023,Columbia,Alabama Football,College Football,23.75,Florida State Football,15.0,8.75
06031,Kings,Fresno State Football,College Football,23.75,USC Football,3.4,20.35
53077,Yakima,Gonzaga Basketball,College Basketball,23.75,Oregon Football,22.5,1.25
12007,Bradford,Alabama Football,College Football,23.75,Florida State Football,15.0,8.75
53037,Kittitas,Gonzaga Basketball,College Basketball,23.75,Oregon Football,22.5,1.25
06019,Fresno,Fresno State Football,College Football,23.75,USC Football,3.4,20.35
53005,Benton,Gonzaga Basketball,College Basketball,23.75,Oregon Football,22.5,1.25
13229,Pierce,Alabama Football,College Football,23.75,Florida State Football,15.0,8.75
53071,Walla Walla,Gonzaga Basketball,College Basketball,23.75,Oregon Football,22.5,1.25
12107,Putnam,Alabama Football,College Football,23.75,Florida State Football,15.0,8.75
12109,Saint Johns,Alabama Football,College Football,23.75,Florida State Football,15.0,8.75
06039,Madera,Fresno State Football,College Football,23.75,USC Football,3.4,20.35
12089,Nassau,Alabama Football,College Football,23.75,Florida State Football,15.0,8.75
13127,Glynn,Alabama Football,College Football,23.75,Florida State Football,15.0,8.75
12125,Union,Alabama Football,College Football,23.75,Florida State Football,15.0,8.75
12019,Clay,Alabama Football,College Football,23.75,Florida State Football,15.0,8.75
53021,Franklin,Gonzaga Basketball,College Basketball,23.75,Oregon Football,22.5,1.25
06047,Merced,Fresno State Football,College Football,23.75,USC Football,3.4,20.35
12003,Baker,Alabama Football,College Football,23.75,Florida State Football,15.0,8.75
06043,Mariposa,Fresno State Football,College Football,23.75,USC Football,3.4,20.35
41059,Umatilla,Gonzaga Basketball,College Basketball,23.75,Oregon Football,22.5,1.25
12031,Duval,Alabama Football,College Football,23.75,Florida State Football,15.0,8.75
17027,Clinton,Missouri Football,College Football,23.666666666666668,Illinois Football,16.0,7.666666666666668
29510,Saint Louis City,Missouri Football,College Football,23.666666666666668,Illinois Football,16.0,7.666666666666668
29229,Wright,Missouri Football,College Football,23.666666666666668,Arkansas Football,18.0,5.666666666666668
29039,Cedar,Missouri Football,College Football,23.666666666666668,Arkansas Football,18.0,5.666666666666668
29219,Warren,Missouri Football,College Football,23.666666666666668,Illinois Football,16.0,7.666666666666668
29215,Texas,Missouri Football,College Football,23.666666666666668,Arkansas Football,18.0,5.666666666666668
29213,Taney,Missouri Football,College Football,23.666666666666668,Arkansas Football,18.0,5.666666666666668
29065,Dent,Missouri Football,College Football,23.666666666666668,Arkansas Football,18.0,5.666666666666668
17157,Randolph,Missouri Football,College Football,23.666666666666668,Illinois Football,16.0,7.666666666666668
29077,Greene,Missouri Football,College Football,23.666666666666668,Arkansas Football,18.0,5.666666666666668
29067,Douglas,Missouri Football,College Football,23.666666666666668,Arkansas Football,18.0,5.666666666666668
29073,Gasconade,Missouri Football,College Football,23.666666666666668,Illinois Football,16.0,7.666666666666668
29085,Hickory,Missouri Football,College Football,23.666666666666668,Arkansas Football,18.0,5.666666666666668
29071,Franklin,Missouri Football,College Football,23.666666666666668,Illinois Football,16.0,7.666666666666668
29221,Washington,Missouri Football,College Football,23.666666666666668,Illinois Football,16.0,7.666666666666668
29113,Lincoln,Missouri Football,College Football,23.666666666666668,Illinois Football,16.0,7.666666666666668
29057,Dade,Missouri Football,College Football,23.666666666666668,Arkansas Football,18.0,5.666666666666668
29105,Laclede,Missouri Football,College Football,23.666666666666668,Arkansas Football,18.0,5.666666666666668
29209,Stone,Missouri Football,College Football,23.666666666666668,Arkansas Football,18.0,5.666666666666668
29203,Shannon,Missouri Football,College Football,23.666666666666668,Arkansas Football,18.0,5.666666666666668
29043,Christian,Missouri Football,College Football,23.666666666666668,Arkansas Football,18.0,5.666666666666668
29183,Saint Charles,Missouri Football,College Football,23.666666666666668,Illinois Football,16.0,7.666666666666668
05089,Marion,Missouri Football,College Football,23.666666666666668,Arkansas Football,18.0,5.666666666666668
17135,Montgomery,Missouri Football,College Football,23.666666666666668,Illinois Football,16.0,7.666666666666668
17133,Monroe,Missouri Football,College Football,23.666666666666668,Illinois Football,16.0,7.666666666666668
17163,Saint Clair,Missouri Football,College Football,23.666666666666668,Illinois Football,16.0,7.666666666666668
29055,Crawford,Missouri Football,College Football,23.666666666666668,Illinois Football,16.0,7.666666666666668
29185,Saint Clair,Missouri Football,College Football,23.666666666666668,Arkansas Football,18.0,5.666666666666668
29186,Sainte Genevieve,Missouri Football,College Football,23.666666666666668,Illinois Football,16.0,7.666666666666668
05101,Newton,Missouri Football,College Football,23.666666666666668,Arkansas Football,18.0,5.666666666666668
29189,Saint Louis,Missouri Football,College Football,23.666666666666668,Illinois Football,16.0,7.666666666666668
17051,Fayette,Missouri Football,College Football,23.666666666666668,Illinois Football,16.0,7.666666666666668
29015,Benton,Missouri Football,College Football,23.666666666666668,Arkansas Football,18.0,5.666666666666668
29109,Lawrence,Missouri Football,College Football,23.666666666666668,Arkansas Football,18.0,5.666666666666668
29099,Jefferson,Missouri Football,College Football,23.666666666666668,Illinois Football,16.0,7.666666666666668
17025,Clay,Missouri Football,College Football,23.666666666666668,Illinois Football,16.0,7.666666666666668
29225,Webster,Missouri Football,College Football,23.666666666666668,Arkansas Football,18.0,5.666666666666668
05015,Carroll,Missouri Football,College Football,23.666666666666668,Arkansas Football,18.0,5.666666666666668
17013,Calhoun,Missouri Football,College Football,23.666666666666668,Illinois Football,16.0,7.666666666666668
17005,Bond,Missouri Football,College Football,23.666666666666668,Illinois Football,16.0,7.666666666666668
17061,Greene,Missouri Football,College Football,23.666666666666668,Illinois Football,16.0,7.666666666666668
29179,Reynolds,Missouri Football,College Football,23.666666666666668,Illinois Football,16.0,7.666666666666668
29187,Saint Francois,Missouri Football,College Football,23.666666666666668,Illinois Football,16.0,7.666666666666668
05049,Fulton,Missouri Football,College Football,23.666666666666668,Arkansas Football,18.0,5.666666666666668
29153,Ozark,Missouri Football,College Football,23.666666666666668,Arkansas Football,18.0,5.666666666666668
05009,Boone,Missouri Football,College Football,23.666666666666668,Arkansas Football,18.0,5.666666666666668
17189,Washington,Missouri Football,College Football,23.666666666666668,Illinois Football,16.0,7.666666666666668
29149,Oregon,Missouri Football,College Football,23.666666666666668,Arkansas Football,18.0,5.666666666666668
17117,Macoupin,Missouri Football,College Football,23.666666666666668,Illinois Football,16.0,7.666666666666668
17119,Madison,Missouri Football,College Football,23.666666666666668,Illinois Football,16.0,7.666666666666668
29169,Pulaski,Missouri Football,College Football,23.666666666666668,Arkansas Football,18.0,5.666666666666668
29167,Polk,Missouri Football,College Football,23.666666666666668,Arkansas Football,18.0,5.666666666666668
29163,Pike,Missouri Football,College Football,23.666666666666668,Illinois Football,16.0,7.666666666666668
17121,Marion,Missouri Football,College Football,23.666666666666668,Illinois Football,16.0,7.666666666666668
29161,Phelps,Missouri Football,College Football,23.666666666666668,Illinois Football,16.0,7.666666666666668
17083,Jersey,Missouri Football,College Football,23.666666666666668,Illinois Football,16.0,7.666666666666668
29029,Camden,Missouri Football,College Football,23.666666666666668,Arkansas Football,18.0,5.666666666666668
05005,Baxter,Missouri Football,College Football,23.666666666666668,Arkansas Football,18.0,5.666666666666668
29009,Barry,Missouri Football,College Football,23.666666666666668,Arkansas Football,18.0,5.666666666666668
29091,Howell,Missouri Football,College Football,23.666666666666668,Arkansas Football,18.0,5.666666666666668
29093,Iron,Missouri Football,College Football,23.666666666666668,Illinois Football,16.0,7.666666666666668
29059,Dallas,Missouri Football,College Football,23.666666666666668,Arkansas Football,18.0,5.666666666666668
12111,Saint Lucie,Florida Football,College Football,22.666666666666668,Michigan Football,12.2,10.466666666666669
12093,Okeechobee,Florida Football,College Football,22.666666666666668,Michigan Football,12.2,10.466666666666669
12099,Palm Beach,Florida Football,College Football,22.666666666666668,Michigan Football,12.2,10.466666666666669
12085,Martin,Florida Football,College Football,22.666666666666668,Michigan Football,12.2,10.466666666666669
12061,Indian River,Florida Football,College Football,22.666666666666668,Michigan Football,12.2,10.466666666666669
31165,Sioux,Nebraska Football,College Football,22.5,Colorado Football,6.0,16.5
17173,Shelby,Michigan Football,College Football,22.5,Iowa Basketball,20.5,2.0
17115,Macon,Michigan Football,College Football,22.5,Iowa Basketball,20.5,2.0
17107,Logan,Michigan Football,College Football,22.5,Iowa Basketball,20.5,2.0
31157,Scotts Bluff,Nebraska Football,College Football,22.5,Colorado Football,6.0,16.5
17167,Sangamon,Michigan Football,College Football,22.5,Iowa Basketball,20.5,2.0
17139,Moultrie,Michigan Football,College Football,22.5,Iowa Basketball,20.5,2.0
17029,Coles,Michigan Football,College Football,22.5,Iowa Basketball,20.5,2.0
17147,Piatt,Michigan Football,College Football,22.5,Iowa Basketball,20.5,2.0
17183,Vermilion,Michigan Football,College Football,22.5,Iowa Basketball,20.5,2.0
17021,Christian,Michigan Football,College Football,22.5,Iowa Basketball,20.5,2.0
17045,Edgar,Michigan Football,College Football,22.5,Iowa Basketball,20.5,2.0
56021,Laramie,Nebraska Football,College Football,22.5,Colorado Football,6.0,16.5
17137,Morgan,Michigan Football,College Football,22.5,Iowa Basketball,20.5,2.0
17035,Cumberland,Michigan Football,College Football,22.5,Iowa Basketball,20.5,2.0
17041,Douglas,Michigan Football,College Football,22.5,Iowa Basketball,20.5,2.0
17049,Effingham,Michigan Football,College Football,22.5,Iowa Basketball,20.5,2.0
17053,Ford,Michigan Football,College Football,22.5,Iowa Basketball,20.5,2.0
17019,Champaign,Michigan Football,College Football,22.5,Iowa Basketball,20.5,2.0
17017,Cass,Michigan Football,College Football,22.5,Iowa Basketball,20.5,2.0
17129,Menard,Michigan Football,College Football,22.5,Iowa Basketball,20.5,2.0
17075,Iroquois,Michigan Football,College Football,22.5,Iowa Basketball,20.5,2.0
56015,Goshen,Nebraska Football,College Football,22.5,Colorado Football,6.0,16.5
17039,Dewitt,Michigan Football,College Football,22.5,Iowa Basketball,20.5,2.0
19175,Union,Nebraska Football,College Football,22.0,Texas Football,9.142857142857142,12.857142857142858
19069,Franklin,Nebraska Football,College Football,22.0,Texas Football,9.142857142857142,12.857142857142858
19125,Marion,Nebraska Football,College Football,22.0,Texas Football,9.142857142857142,12.857142857142858
16067,Minidoka,Boise State Football,College Football,22.0,BYU Football,10.857142857142858,11.142857142857142
19197,Wright,Nebraska Football,College Football,22.0,Texas Football,9.142857142857142,12.857142857142858
19025,Calhoun,Nebraska Football,College Football,22.0,Texas Football,9.142857142857142,12.857142857142858
19027,Carroll,Nebraska Football,College Football,22.0,Texas Football,9.142857142857142,12.857142857142858
19083,Hardin,Nebraska Football,College Football,22.0,Texas Football,9.142857142857142,12.857142857142858
16047,Gooding,Boise State Football,College Football,22.0,BYU Football,10.857142857142858,11.142857142857142
19135,Monroe,Nebraska Football,College Football,22.0,Texas Football,9.142857142857142,12.857142857142858
19181,Warren,Nebraska Football,College Football,22.0,Texas Football,9.142857142857142,12.857142857142858
19187,Webster,Nebraska Football,College Football,22.0,Texas Football,9.142857142857142,12.857142857142858
19185,Wayne,Nebraska Football,College Football,22.0,Texas Football,9.142857142857142,12.857142857142858
19073,Greene,Nebraska Football,College Football,22.0,Texas Football,9.142857142857142,12.857142857142858
19079,Hamilton,Nebraska Football,College Football,22.0,Texas Football,9.142857142857142,12.857142857142858
19001,Adair,Nebraska Football,College Football,22.0,Texas Football,9.142857142857142,12.857142857142858
19049,Dallas,Nebraska Football,College Football,22.0,Texas Football,9.142857142857142,12.857142857142858
19169,Story,Nebraska Football,College Football,22.0,Texas Football,9.142857142857142,12.857142857142858
19173,Taylor,Nebraska Football,College Football,22.0,Texas Football,9.142857142857142,12.857142857142858
16053,Jerome,Boise State Football,College Football,22.0,BYU Football,10.857142857142858,11.142857142857142
19039,Clarke,Nebraska Football,College Football,22.0,Texas Football,9.142857142857142,12.857142857142858
16063,Lincoln,Boise State Football,College Football,22.0,BYU Football,10.857142857142858,11.142857142857142
19053,Decatur,Nebraska Football,College Football,22.0,Texas Football,9.142857142857142,12.857142857142858
19123,Mahaska,Nebraska Football,College Football,22.0,Texas Football,9.142857142857142,12.857142857142858
19127,Marshall,Nebraska Football,College Football,22.0,Texas Football,9.142857142857142,12.857142857142858
19077,Guthrie,Nebraska Football,College Football,22.0,Texas Football,9.142857142857142,12.857142857142858
19117,Lucas,Nebraska Football,College Football,22.0,Texas Football,9.142857142857142,12.857142857142858
19015,Boone,Nebraska Football,College Football,22.0,Texas Football,9.142857142857142,12.857142857142858
16083,Twin Falls,Boise State Football,College Football,22.0,BYU Football,10.857142857142858,11.142857142857142
19121,Madison,Nebraska Football,College Football,22.0,Texas Football,9.142857142857142,12.857142857142858
19009,Audubon,Nebraska Football,College Football,22.0,Texas Football,9.142857142857142,12.857142857142858
19007,Appanoose,Nebraska Football,College Football,22.0,Texas Football,9.142857142857142,12.857142857142858
16031,Cassia,Boise State Football,College Football,22.0,BYU Football,10.857142857142858,11.142857142857142
19003,Adams,Nebraska Football,College Football,22.0,Texas Football,9.142857142857142,12.857142857142858
19157,Poweshiek,Nebraska Football,College Football,22.0,Texas Football,9.142857142857142,12.857142857142858
19159,Ringgold,Nebraska Football,College Football,22.0,Texas Football,9.142857142857142,12.857142857142858
16013,Blaine,Boise State Football,College Football,22.0,BYU Football,10.857142857142858,11.142857142857142
19109,Kossuth,Nebraska Football,College Football,22.0,Texas Football,9.142857142857142,12.857142857142858
19153,Polk,Nebraska Football,College Football,22.0,Texas Football,9.142857142857142,12.857142857142858
19099,Jasper,Nebraska Football,College Football,22.0,Texas Football,9.142857142857142,12.857142857142858
19151,Pocahontas,Nebraska Football,College Football,22.0,Texas Football,9.142857142857142,12.857142857142858
19091,Humboldt,Nebraska Football,College Football,22.0,Texas Football,9.142857142857142,12.857142857142858
36101,Steuben,Penn State Football,College Football,21.75,Syracuse Basketball,20.0,1.75
36097,Schuyler,Penn State Football,College Football,21.75,Syracuse Basketball,20.0,1.75
54073,Pleasants,Virginia Football,College Football,21.75,West Virginia Football,20.75,1.0
36015,Chemung,Penn State Football,College Football,21.75,Syracuse Basketball,20.0,1.75
42117,Tioga,Penn State Football,College Football,21.75,Syracuse Basketball,20.0,1.75
39167,Washington,Virginia Football,College Football,21.75,West Virginia Football,20.75,1.0
54107,Wood,Virginia Football,College Football,21.75,West Virginia Football,20.75,1.0
06023,Humboldt,Oregon Football,College Football,21.5,USC Football,7.285714285714286,14.214285714285715
21009,Barren,Louisville Basketball,College Basketball,21.5,Alabama Football,15.666666666666666,5.833333333333334
42017,Bucks,Penn State Football,College Football,21.5,Villanova Basketball,8.25,13.25
10001,Kent,Penn State Football,College Football,21.5,Villanova Basketball,8.25,13.25
06015,Del Norte,Oregon Football,College Football,21.5,USC Football,7.285714285714286,14.214285714285715
21061,Edmonson,Louisville Basketball,College Basketball,21.5,Alabama Football,15.666666666666666,5.833333333333334
21031,Butler,Louisville Basketball,College Basketball,21.5,Alabama Football,15.666666666666666,5.833333333333334
42045,Delaware,Penn State Football,College Football,21.5,Villanova Basketball,8.25,13.25
34021,Mercer,Penn State Football,College Football,21.5,Villanova Basketball,8.25,13.25
42077,Lehigh,Penn State Football,College Football,21.5,Villanova Basketball,8.25,13.25
34015,Gloucester,Penn State Football,College Football,21.5,Villanova Basketball,8.25,13.25
34005,Burlington,Penn State Football,College Football,21.5,Villanova Basketball,8.25,13.25
34009,Cape May,Penn State Football,College Football,21.5,Villanova Basketball,8.25,13.25
34033,Salem,Penn State Football,College Football,21.5,Villanova Basketball,8.25,13.25
21169,Metcalfe,Louisville Basketball,College Basketball,21.5,Alabama Football,15.666666666666666,5.833333333333334
10003,New Castle,Penn State Football,College Football,21.5,Villanova Basketball,8.25,13.25
21227,Warren,Louisville Basketball,College Basketball,21.5,Alabama Football,15.666666666666666,5.833333333333334
34007,Camden,Penn State Football,College Football,21.5,Villanova Basketball,8.25,13.25
42029,Chester,Penn State Football,College Football,21.5,Villanova Basketball,8.25,13.25
21099,Hart,Louisville Basketball,College Basketball,21.5,Alabama Football,15.666666666666666,5.833333333333334
42101,Philadelphia,Penn State Football,College Football,21.5,Villanova Basketball,8.25,13.25
42011,Berks,Penn State Football,College Football,21.5,Villanova Basketball,8.25,13.25
34011,Cumberland,Penn State Football,College Football,21.5,Villanova Basketball,8.25,13.25
42091,Montgomery,Penn State Football,College Football,21.5,Villanova Basketball,8.25,13.25
42095,Northampton,Penn State Football,College Football,21.5,Villanova Basketball,8.25,13.25
34001,Atlantic,Penn State Football,College Football,21.5,Villanova Basketball,8.25,13.25
08119,Teller,Colorado Football,College Football,21.25,Air Force Football,12.5,8.75
08071,Las Animas,Colorado Football,College Football,21.25,Air Force Football,12.5,8.75
08009,Baca,Colorado Football,College Football,21.25,Air Force Football,12.5,8.75
08061,Kiowa,Colorado Football,College Football,21.25,Air Force Football,12.5,8.75
08101,Pueblo,Colorado Football,College Football,21.25,Air Force Football,12.5,8.75
08041,El Paso,Colorado Football,College Football,21.25,Air Force Football,12.5,8.75
08011,Bent,Colorado Football,College Football,21.25,Air Force Football,12.5,8.75
08055,Huerfano,Colorado Football,College Football,21.25,Air Force Football,12.5,8.75
08025,Crowley,Colorado Football,College Football,21.25,Air Force Football,12.5,8.75
08043,Fremont,Colorado Football,College Football,21.25,Air Force Football,12.5,8.75
08027,Custer,Colorado Football,College Football,21.25,Air Force Football,12.5,8.75
08089,Otero,Colorado Football,College Football,21.25,Air Force Football,12.5,8.75
26045,Eaton,Notre Dame Football,College Football,21.0,Purdue Basketball,18.666666666666668,2.333333333333332
26065,Ingham,Notre Dame Football,College Football,21.0,Purdue Basketball,18.666666666666668,2.333333333333332
26075,Jackson,Notre Dame Football,College Football,21.0,Purdue Basketball,18.666666666666668,2.333333333333332
26059,Hillsdale,Notre Dame Football,College Football,21.0,Purdue Basketball,18.666666666666668,2.333333333333332
26037,Clinton,Notre Dame Football,College Football,21.0,Purdue Basketball,18.666666666666668,2.333333333333332
48369,Parmer,Texas Football,College Football,20.75,Texas Tech Football,7.0,13.75
40007,Beaver,Texas Football,College Football,20.75,Texas Tech Football,7.0,13.75
48233,Hutchinson,Texas Football,College Football,20.75,Texas Tech Football,7.0,13.75
48101,Cottle,Texas Football,College Football,20.75,Texas Tech Football,7.0,13.75
48211,Hemphill,Texas Football,College Football,20.75,Texas Tech Football,7.0,13.75
48381,Randall,Texas Football,College Football,20.75,Texas Tech Football,7.0,13.75
48375,Potter,Texas Football,College Football,20.75,Texas Tech Football,7.0,13.75
48393,Roberts,Texas Football,College Football,20.75,Texas Tech Football,7.0,13.75
35041,Roosevelt,Texas Football,College Football,20.75,Texas Tech Football,7.0,13.75
35037,Quay,Texas Football,College Football,20.75,Texas Tech Football,7.0,13.75
40139,Texas,Texas Football,College Football,20.75,Texas Tech Football,7.0,13.75
48205,Hartley,Texas Football,College Football,20.75,Texas Tech Football,7.0,13.75
48483,Wheeler,Texas Football,College Football,20.75,Texas Tech Football,7.0,13.75
48341,Moore,Texas Football,College Football,20.75,Texas Tech Football,7.0,13.75
48179,Gray,Texas Football,College Football,20.75,Texas Tech Football,7.0,13.75
48045,Briscoe,Texas Football,College Football,20.75,Texas Tech Football,7.0,13.75
35059,Union,Texas Football,College Football,20.75,Texas Tech Football,7.0,13.75
35009,Curry,Texas Football,College Football,20.75,Texas Tech Football,7.0,13.75
48437,Swisher,Texas Football,College Football,20.75,Texas Tech Football,7.0,13.75
48087,Collingsworth,Texas Football,College Football,20.75,Texas Tech Football,7.0,13.75
48011,Armstrong,Texas Football,College Football,20.75,Texas Tech Football,7.0,13.75
48191,Hall,Texas Football,College Football,20.75,Texas Tech Football,7.0,13.75
48421,Sherman,Texas Football,College Football,20.75,Texas Tech Football,7.0,13.75
48359,Oldham,Texas Football,College Football,20.75,Texas Tech Football,7.0,13.75
48065,Carson,Texas Football,College Football,20.75,Texas Tech Football,7.0,13.75
48129,Donley,Texas Football,College Football,20.75,Texas Tech Football,7.0,13.75
48117,Deaf Smith,Texas Football,College Football,20.75,Texas Tech Football,7.0,13.75
48357,Ochiltree,Texas Football,College Football,20.75,Texas Tech Football,7.0,13.75
40025,Cimarron,Texas Football,College Football,20.75,Texas Tech Football,7.0,13.75
48111,Dallam,Texas Football,College Football,20.75,Texas Tech Football,7.0,13.75
48069,Castro,Texas Football,College Football,20.75,Texas Tech Football,7.0,13.75
48295,Lipscomb,Texas Football,College Football,20.75,Texas Tech Football,7.0,13.75
48075,Childress,Texas Football,College Football,20.75,Texas Tech Football,7.0,13.75
48195,Hansford,Texas Football,College Football,20.75,Texas Tech Football,7.0,13.75
25019,Nantucket,UConn Basketball,College Basketball,20.25,Boston College Football,16.75,3.5
25007,Dukes,UConn Basketball,College Basketball,20.25,Boston College Football,16.75,3.5
25009,Essex,UConn Basketball,College Basketball,20.25,Boston College Football,16.75,3.5
33015,Rockingham,UConn Basketball,College Basketball,20.25,Boston College Football,16.75,3.5
25021,Norfolk,UConn Basketball,College Basketball,20.25,Boston College Football,16.75,3.5
33013,Merrimack,UConn Basketball,College Basketball,20.25,Boston College Football,16.75,3.5
50025,Windham,UConn Basketball,College Basketball,20.25,Boston College Football,16.75,3.5
25017,Middlesex,UConn Basketball,College Basketball,20.25,Boston College Football,16.75,3.5
33005,Cheshire,UConn Basketball,College Basketball,20.25,Boston College Football,16.75,3.5
33011,Hillsborough,UConn Basketball,College Basketball,20.25,Boston College Football,16.75,3.5
33001,Belknap,UConn Basketball,College Basketball,20.25,Boston College Football,16.75,3.5
25025,Suffolk,UConn Basketball,College Basketball,20.25,Boston College Football,16.75,3.5
25001,Barnstable,UConn Basketball,College Basketball,20.25,Boston College Football,16.75,3.5
33017,Strafford,UConn Basketball,College Basketball,20.25,Boston College Football,16.75,3.5
25023,Plymouth,UConn Basketball,College Basketball,20.25,Boston College Football,16.75,3.5
25027,Worcester,UConn Basketball,College Basketball,20.25,Boston College Football,16.75,3.5
46055,Haakon,Nebraska Football,College Football,20.0,Iowa Football,6.2,13.8
46063,Harding,Nebraska Football,College Football,20.0,Iowa Football,6.2,13.8
30011,Carter,Nebraska Football,College Football,20.0,Iowa Football,6.2,13.8
31123,Morrill,Nebraska Football,College Football,20.0,Iowa Football,6.2,13.8
56011,Crook,Nebraska Football,College Football,20.0,Iowa Football,6.2,13.8
46081,Lawrence,Nebraska Football,College Football,20.0,Iowa Football,6.2,13.8
56033,Sheridan,Nebraska Football,College Football,20.0,Iowa Football,6.2,13.8
56045,Weston,Nebraska Football,College Football,20.0,Iowa Football,6.2,13.8
46137,Ziebach,Nebraska Football,College Football,20.0,Iowa Football,6.2,13.8
46093,Meade,Nebraska Football,College Football,20.0,Iowa Football,6.2,13.8
46007,Bennett,Nebraska Football,College Football,20.0,Iowa Football,6.2,13.8
46033,Custer,Nebraska Football,College Football,20.0,Iowa Football,6.2,13.8
46019,Butte,Nebraska Football,College Football,20.0,Iowa Football,6.2,13.8
46103,Pennington,Nebraska Football,College Football,20.0,Iowa Football,6.2,13.8
46105,Perkins,Nebraska Football,College Football,20.0,Iowa Football,6.2,13.8
46075,Jones,Nebraska Football,College Football,20.0,Iowa Football,6.2,13.8
46071,Jackson,Nebraska Football,College Football,20.0,Iowa Football,6.2,13.8
46047,Fall River,Nebraska Football,College Football,20.0,Iowa Football,6.2,13.8
46113,Shannon,Nebraska Football,College Football,20.0,Iowa Football,6.2,13.8
51790,Staunton City,Virginia Football,College Football,19.666666666666668,Virginia Tech Football,11.333333333333334,8.333333333333334
51660,Harrisonburg City,Virginia Football,College Football,19.666666666666668,Virginia Tech Football,11.333333333333334,8.333333333333334
51820,Waynesboro City,Virginia Football,College Football,19.666666666666668,Virginia Tech Football,11.333333333333334,8.333333333333334
54071,Pendleton,Virginia Football,College Football,19.666666666666668,Virginia Tech Football,11.333333333333334,8.333333333333334
51165,Rockingham,Virginia Football,College Football,19.666666666666668,Virginia Tech Football,11.333333333333334,8.333333333333334
51015,Augusta,Virginia Football,College Football,19.666666666666668,Virginia Tech Football,11.333333333333334,8.333333333333334
37153,Richmond,Duke Basketball,College Basketball,19.5,Clemson Football,18.75,0.75
37071,Gaston,Duke Basketball,College Basketball,19.5,Clemson Football,18.75,0.75
37025,Cabarrus,Duke Basketball,College Basketball,19.5,Clemson Football,18.75,0.75
37023,Burke,Duke Basketball,College Basketball,19.5,Clemson Football,18.75,0.75
45057,Lancaster,Duke Basketball,College Basketball,19.5,Clemson Football,18.75,0.75
37027,Caldwell,Duke Basketball,College Basketball,19.5,Clemson Football,18.75,0.75
37011,Avery,Duke Basketball,College Basketball,19.5,Clemson Football,18.75,0.75
37189,Watauga,Duke Basketball,College Basketball,19.5,Clemson Football,18.75,0.75
45091,York,Duke Basketball,College Basketball,19.5,Clemson Football,18.75,0.75
37097,Iredell,Duke Basketball,College Basketball,19.5,Clemson Football,18.75,0.75
37007,Anson,Duke Basketball,College Basketball,19.5,Clemson Football,18.75,0.75
37179,Union,Duke Basketball,College Basketball,19.5,Clemson Football,18.75,0.75
37159,Rowan,Duke Basketball,College Basketball,19.5,Clemson Football,18.75,0.75
37003,Alexander,Duke Basketball,College Basketball,19.5,Clemson Football,18.75,0.75
37109,Lincoln,Duke Basketball,College Basketball,19.5,Clemson Football,18.75,0.75
45025,Chesterfield,Duke Basketball,College Basketball,19.5,Clemson Football,18.75,0.75
37045,Cleveland,Duke Basketball,College Basketball,19.5,Clemson Football,18.75,0.75
37167,Stanly,Duke Basketball,College Basketball,19.5,Clemson Football,18.75,0.75
45023,Chester,Duke Basketball,College Basketball,19.5,Clemson Football,18.75,0.75
37009,Ashe,Duke Basketball,College Basketball,19.5,Clemson Football,18.75,0.75
37119,Mecklenburg,Duke Basketball,College Basketball,19.5,Clemson Football,18.75,0.75
37035,Catawba,Duke Basketball,College Basketball,19.5,Clemson Football,18.75,0.75
24035,Queen Annes,Maryland Football,College Football,19.333333333333332,Penn State Football,9.714285714285714,9.619047619047619
24003,Anne Arundel,Maryland Football,College Football,19.333333333333332,Penn State Football,9.714285714285714,9.619047619047619
24029,Kent,Maryland Football,College Football,19.333333333333332,Penn State Football,9.714285714285714,9.619047619047619
24510,Baltimore City,Maryland Football,College Football,19.333333333333332,Washington Football,9.714285714285714,9.619047619047619
24005,Baltimore,Maryland Football,College Football,19.333333333333332,Penn State Football,9.714285714285714,9.619047619047619
24041,Talbot,Maryland Football,College Football,19.333333333333332,Washington Football,9.714285714285714,9.619047619047619
24013,Carroll,Maryland Football,College Football,19.333333333333332,Penn State Football,9.714285714285714,9.619047619047619
24011,Caroline,Maryland Football,College Football,19.333333333333332,Penn State Football,9.714285714285714,9.619047619047619
24015,Cecil,Maryland Football,College Football,19.333333333333332,Washington Football,9.714285714285714,9.619047619047619
24025,Harford,Maryland Football,College Football,19.333333333333332,Washington Football,9.714285714285714,9.619047619047619
24027,Howard,Maryland Football,College Football,19.333333333333332,Penn State Football,9.714285714285714,9.619047619047619
48183,Gregg,Texas Football,College Football,19.25,Texas A&M Football,4.25,15.0
48225,Houston,Texas Football,College Football,19.25,Texas A&M Football,4.25,15.0
48063,Camp,Texas Football,College Football,19.25,Texas A&M Football,4.25,15.0
48005,Angelina,Texas Football,College Football,19.25,Texas A&M Football,4.25,15.0
48073,Cherokee,Texas Football,College Football,19.25,Texas A&M Football,4.25,15.0
48423,Smith,Texas Football,College Football,19.25,Texas A&M Football,4.25,15.0
48401,Rusk,Texas Football,College Football,19.25,Texas A&M Football,4.25,15.0
48347,Nacogdoches,Texas Football,College Football,19.25,Texas A&M Football,4.25,15.0
48403,Sabine,Texas Football,College Football,19.25,Texas A&M Football,4.25,15.0
48405,San Augustine,Texas Football,College Football,19.25,Texas A&M Football,4.25,15.0
48159,Franklin,Texas Football,College Football,19.25,Texas A&M Football,4.25,15.0
48499,Wood,Texas Football,College Football,19.25,Texas A&M Football,4.25,15.0
48459,Upshur,Texas Football,College Football,19.25,Texas A&M Football,4.25,15.0
36123,Yates,Syracuse Basketball,College Basketball,19.0,Syracuse Football,12.0,7.0
48361,Orange,Texas Football,College Football,19.0,Texas A&M Football,4.5,14.5
36117,Wayne,Syracuse Basketball,College Basketball,19.0,Syracuse Football,12.0,7.0
36051,Livingston,Syracuse Basketball,College Basketball,19.0,Syracuse Football,12.0,7.0
48245,Jefferson,Texas Football,College Football,19.0,Texas A&M Football,4.5,14.5
48351,Newton,Texas Football,College Football,19.0,Texas A&M Football,4.5,14.5
48457,Tyler,Texas Football,College Football,19.0,Texas A&M Football,4.5,14.5
36069,Ontario,Syracuse Basketball,College Basketball,19.0,Syracuse Football,12.0,7.0
48199,Hardin,Texas Football,College Football,19.0,Texas A&M Football,4.5,14.5
48241,Jasper,Texas Football,College Football,19.0,Texas A&M Football,4.5,14.5
36055,Monroe,Syracuse Basketball,College Basketball,19.0,Syracuse Football,12.0,7.0
55015,Calumet,Michigan Football,College Football,18.666666666666668,Green Bay Packers,10.857142857142858,7.80952380952381
55078,Menominee,Michigan Football,College Football,18.666666666666668,Green Bay Packers,10.857142857142858,7.80952380952381
55029,Door,Michigan Football,College Football,18.666666666666668,Green Bay Packers,10.857142857142858,7.80952380952381
55009,Brown,Michigan Football,College Football,18.666666666666668,Green Bay Packers,10.857142857142858,7.80952380952381
55047,Green Lake,Michigan Football,College Football,18.666666666666668,Green Bay Packers,10.857142857142858,7.80952380952381
55139,Winnebago,Michigan Football,College Football,18.666666666666668,Green Bay Packers,10.857142857142858,7.80952380952381
55061,Kewaunee,Michigan Football,College Football,18.666666666666668,Green Bay Packers,10.857142857142858,7.80952380952381
55075,Marinette,Michigan Football,College Football,18.666666666666668,Green Bay Packers,10.857142857142858,7.80952380952381
55137,Waushara,Michigan Football,College Football,18.666666666666668,Green Bay Packers,10.857142857142858,7.80952380952381
55087,Outagamie,Michigan Football,College Football,18.666666666666668,Green Bay Packers,10.857142857142858,7.80952380952381
55071,Manitowoc,Michigan Football,College Football,18.666666666666668,Green Bay Packers,10.857142857142858,7.80952380952381
55083,Oconto,Michigan Football,College Football,18.666666666666668,Green Bay Packers,10.857142857142858,7.80952380952381
55039,Fond du Lac,Michigan Football,College Football,18.666666666666668,Green Bay Packers,10.857142857142858,7.80952380952381
26109,Menominee,Michigan Football,College Football,18.666666666666668,Green Bay Packers,10.857142857142858,7.80952380952381
55135,Waupaca,Michigan Football,College Football,18.666666666666668,Green Bay Packers,10.857142857142858,7.80952380952381
55115,Shawano,Michigan Football,College Football,18.666666666666668,Green Bay Packers,10.857142857142858,7.80952380952381
36025,Delaware,Syracuse Basketball,College Basketball,18.333333333333332,Syracuse Football,12.666666666666666,5.666666666666666
36007,Broome,Syracuse Basketball,College Basketball,18.333333333333332,Syracuse Football,12.666666666666666,5.666666666666666
36017,Chenango,Syracuse Basketball,College Basketball,18.333333333333332,Syracuse Football,12.666666666666666,5.666666666666666
36107,Tioga,Syracuse Basketball,College Basketball,18.333333333333332,Syracuse Football,12.666666666666666,5.666666666666666
30029,Flathead,Gonzaga Basketball,College Basketball,18.0,Oregon Football,15.0,3.0
30039,Granite,Gonzaga Basketball,College Basketball,18.0,Oregon Football,15.0,3.0
30089,Sanders,Gonzaga Basketball,College Basketball,18.0,Oregon Football,15.0,3.0
30081,Ravalli,Gonzaga Basketball,College Basketball,18.0,Oregon Football,15.0,3.0
30063,Missoula,Gonzaga Basketball,College Basketball,18.0,Oregon Football,15.0,3.0
30061,Mineral,Gonzaga Basketball,College Basketball,18.0,Oregon Football,15.0,3.0
23003,Aroostook,Duke Basketball,College Basketball,18.0,UConn Basketball,15.666666666666666,2.333333333333334
30047,Lake,Gonzaga Basketball,College Basketball,18.0,Oregon Football,15.0,3.0
27075,Lake,Minnesota Football,College Football,17.75,Wisconsin Football,17.666666666666668,0.08333333333333215
27031,Cook,Minnesota Football,College Football,17.75,Wisconsin Football,17.666666666666668,0.08333333333333215
55003,Ashland,Minnesota Football,College Football,17.75,Wisconsin Football,17.666666666666668,0.08333333333333215
55007,Bayfield,Minnesota Football,College Football,17.75,Wisconsin Football,17.666666666666668,0.08333333333333215
26053,Gogebic,Minnesota Football,College Football,17.75,Wisconsin Football,17.666666666666668,0.08333333333333215
55051,Iron,Minnesota Football,College Football,17.75,Wisconsin Football,17.666666666666668,0.08333333333333215
27061,Itasca,Minnesota Football,College Football,17.75,Wisconsin Football,17.666666666666668,0.08333333333333215
55031,Douglas,Minnesota Football,College Football,17.75,Wisconsin Football,17.666666666666668,0.08333333333333215
55113,Sawyer,Minnesota Football,College Football,17.75,Wisconsin Football,17.666666666666668,0.08333333333333215
27071,Koochiching,Minnesota Football,College Football,17.75,Wisconsin Football,17.666666666666668,0.08333333333333215
27017,Carlton,Minnesota Football,College Football,17.75,Wisconsin Football,17.666666666666668,0.08333333333333215
27137,Saint Louis,Minnesota Football,College Football,17.75,Wisconsin Football,17.666666666666668,0.08333333333333215
48419,Shelby,LSU Football,College Football,17.6,Texas Football,12.166666666666666,5.433333333333335
39171,Williams,Notre Dame Football,College Football,17.6,Alabama Football,10.0,7.600000000000001
48365,Panola,LSU Football,College Football,17.6,Texas Football,12.166666666666666,5.433333333333335
48067,Cass,LSU Football,College Football,17.6,Texas Football,12.166666666666666,5.433333333333335
40089,McCurtain,LSU Football,College Football,17.6,Texas Football,12.166666666666666,5.433333333333335
39039,Defiance,Notre Dame Football,College Football,17.6,Alabama Football,10.0,7.600000000000001
48037,Bowie,LSU Football,College Football,17.6,Texas Football,12.166666666666666,5.433333333333335
22017,Caddo,LSU Football,College Football,17.6,Texas Football,12.166666666666666,5.433333333333335
22027,Claiborne,LSU Football,College Football,17.6,Texas Football,12.166666666666666,5.433333333333335
39051,Fulton,Notre Dame Football,College Football,17.6,Alabama Football,10.0,7.600000000000001
48449,Titus,LSU Football,College Football,17.6,Texas Football,12.166666666666666,5.433333333333335
22031,De Soto,LSU Football,College Football,17.6,Texas Football,12.166666666666666,5.433333333333335
39147,Seneca,Notre Dame Football,College Football,17.6,Alabama Football,10.0,7.600000000000001
48315,Marion,LSU Football,College Football,17.6,Texas Football,12.166666666666666,5.433333333333335
05073,Lafayette,LSU Football,College Football,17.6,Texas Football,12.166666666666666,5.433333333333335
39123,Ottawa,Notre Dame Football,College Football,17.6,Alabama Football,10.0,7.600000000000001
39143,Sandusky,Notre Dame Football,College Football,17.6,Alabama Football,10.0,7.600000000000001
05133,Sevier,LSU Football,College Football,17.6,Texas Football,12.166666666666666,5.433333333333335
22015,Bossier,LSU Football,College Football,17.6,Texas Football,12.166666666666666,5.433333333333335
22013,Bienville,LSU Football,College Football,17.6,Texas Football,12.166666666666666,5.433333333333335
22069,Natchitoches,LSU Football,College Football,17.6,Texas Football,12.166666666666666,5.433333333333335
22081,Red River,LSU Football,College Football,17.6,Texas Football,12.166666666666666,5.433333333333335
26091,Lenawee,Notre Dame Football,College Football,17.6,Alabama Football,10.0,7.600000000000001
05027,Columbia,LSU Football,College Football,17.6,Texas Football,12.166666666666666,5.433333333333335
22085,Sabine,LSU Football,College Football,17.6,Texas Football,12.166666666666666,5.433333333333335
39069,Henry,Notre Dame Football,College Football,17.6,Alabama Football,10.0,7.600000000000001
39175,Wyandot,Notre Dame Football,College Football,17.6,Alabama Football,10.0,7.600000000000001
39173,Wood,Notre Dame Football,College Football,17.6,Alabama Football,10.0,7.600000000000001
05057,Hempstead,LSU Football,College Football,17.6,Texas Football,12.166666666666666,5.433333333333335
39095,Lucas,Notre Dame Football,College Football,17.6,Alabama Football,10.0,7.600000000000001
39063,Hancock,Notre Dame Football,College Football,17.6,Alabama Football,10.0,7.600000000000001
05061,Howard,LSU Football,College Football,17.6,Texas Football,12.166666666666666,5.433333333333335
48203,Harrison,LSU Football,College Football,17.6,Texas Football,12.166666666666666,5.433333333333335
48343,Morris,LSU Football,College Football,17.6,Texas Football,12.166666666666666,5.433333333333335
05091,Miller,LSU Football,College Football,17.6,Texas Football,12.166666666666666,5.433333333333335
05081,Little River,LSU Football,College Football,17.6,Texas Football,12.166666666666666,5.433333333333335
22119,Webster,LSU Football,College Football,17.6,Texas Football,12.166666666666666,5.433333333333335
42085,Mercer,Michigan Football,College Football,17.5,Penn State Football,10.5,7.0
39155,Trumbull,Michigan Football,College Football,17.5,Penn State Football,10.5,7.0
39099,Mahoning,Michigan Football,College Football,17.5,Penn State Football,10.5,7.0
39029,Columbiana,Michigan Football,College Football,17.5,Penn State Football,10.5,7.0
32003,Clark,UNLV Football,College Football,17.4,Michigan Football,7.714285714285714,9.685714285714283
32023,Nye,UNLV Football,College Football,17.4,Michigan Football,7.714285714285714,9.685714285714283
32017,Lincoln,UNLV Football,College Football,17.4,Michigan Football,7.714285714285714,9.685714285714283
29097,Jasper,Kansas Football,College Football,17.333333333333332,Oklahoma Football,16.0,1.3333333333333321
20021,Cherokee,Kansas Football,College Football,17.333333333333332,Oklahoma Football,16.0,1.3333333333333321
20011,Bourbon,Kansas Football,College Football,17.333333333333332,Oklahoma Football,16.0,1.3333333333333321
20207,Woodson,Kansas Football,College Football,17.333333333333332,Oklahoma Football,16.0,1.3333333333333321
20205,Wilson,Kansas Football,College Football,17.333333333333332,Oklahoma Football,16.0,1.3333333333333321
20037,Crawford,Kansas Football,College Football,17.333333333333332,Oklahoma Football,16.0,1.3333333333333321
29217,Vernon,Kansas Football,College Football,17.333333333333332,Oklahoma Football,16.0,1.3333333333333321
40115,Ottawa,Kansas Football,College Football,17.333333333333332,Oklahoma Football,16.0,1.3333333333333321
20099,Labette,Kansas Football,College Football,17.333333333333332,Oklahoma Football,16.0,1.3333333333333321
29011,Barton,Kansas Football,College Football,17.333333333333332,Oklahoma Football,16.0,1.3333333333333321
29119,McDonald,Kansas Football,College Football,17.333333333333332,Oklahoma Football,16.0,1.3333333333333321
29145,Newton,Kansas Football,College Football,17.333333333333332,Oklahoma Football,16.0,1.3333333333333321
20133,Neosho,Kansas Football,College Football,17.333333333333332,Oklahoma Football,16.0,1.3333333333333321
20001,Allen,Kansas Football,College Football,17.333333333333332,Oklahoma Football,16.0,1.3333333333333321
23025,Somerset,Duke Basketball,College Basketball,16.8,UConn Basketball,11.714285714285714,5.085714285714287
48443,Terrell,Texas Football,College Football,16.8,Texas Tech Football,6.384615384615385,10.415384615384616
48433,Stonewall,Texas Football,College Football,16.8,Texas Tech Football,4.529411764705882,12.270588235294118
48353,Nolan,Texas Football,College Football,16.8,Texas Tech Football,4.529411764705882,12.270588235294118
48441,Taylor,Texas Football,College Football,16.8,Texas Tech Football,4.529411764705882,12.270588235294118
48461,Upton,Texas Football,College Football,16.8,Texas Tech Football,6.384615384615385,10.415384615384616
48447,Throckmorton,Texas Football,College Football,16.8,Texas Tech Football,4.529411764705882,12.270588235294118
23019,Penobscot,Duke Basketball,College Basketball,16.8,UConn Basketball,11.714285714285714,5.085714285714287
48317,Martin,Texas Football,College Football,16.8,Texas Tech Football,6.384615384615385,10.415384615384616
48243,Jeff Davis,Texas Football,College Football,16.8,Texas Tech Football,6.384615384615385,10.415384615384616
23029,Washington,Duke Basketball,College Basketball,16.8,UConn Basketball,11.714285714285714,5.085714285714287
23027,Waldo,Duke Basketball,College Basketball,16.8,UConn Basketball,11.714285714285714,5.085714285714287
48207,Haskell,Texas Football,College Football,16.8,Texas Tech Football,4.529411764705882,12.270588235294118
48301,Loving,Texas Football,College Football,16.8,Texas Tech Football,6.384615384615385,10.415384615384616
48399,Runnels,Texas Football,College Football,16.8,Texas Tech Football,4.529411764705882,12.270588235294118
48151,Fisher,Texas Football,College Football,16.8,Texas Tech Football,4.529411764705882,12.270588235294118
48475,Ward,Texas Football,College Football,16.8,Texas Tech Football,6.384615384615385,10.415384615384616
23021,Piscataquis,Duke Basketball,College Basketball,16.8,UConn Basketball,11.714285714285714,5.085714285714287
48173,Glasscock,Texas Football,College Football,16.8,Texas Tech Football,6.384615384615385,10.415384615384616
48135,Ector,Texas Football,College Football,16.8,Texas Tech Football,6.384615384615385,10.415384615384616
48371,Pecos,Texas Football,College Football,16.8,Texas Tech Football,6.384615384615385,10.415384615384616
48377,Presidio,Texas Football,College Football,16.8,Texas Tech Football,6.384615384615385,10.415384615384616
48383,Reagan,Texas Football,College Football,16.8,Texas Tech Football,6.384615384615385,10.415384615384616
48389,Reeves,Texas Football,College Football,16.8,Texas Tech Football,6.384615384615385,10.415384615384616
48003,Andrews,Texas Football,College Football,16.8,Texas Tech Football,6.384615384615385,10.415384615384616
48103,Crane,Texas Football,College Football,16.8,Texas Tech Football,6.384615384615385,10.415384615384616
48417,Shackelford,Texas Football,College Football,16.8,Texas Tech Football,4.529411764705882,12.270588235294118
48227,Howard,Texas Football,College Football,16.8,Texas Tech Football,6.384615384615385,10.415384615384616
48083,Coleman,Texas Football,College Football,16.8,Texas Tech Football,4.529411764705882,12.270588235294118
48415,Scurry,Texas Football,College Football,16.8,Texas Tech Football,4.529411764705882,12.270588235294118
48253,Jones,Texas Football,College Football,16.8,Texas Tech Football,4.529411764705882,12.270588235294118
48275,Knox,Texas Football,College Football,16.8,Texas Tech Football,4.529411764705882,12.270588235294118
48429,Stephens,Texas Football,College Football,16.8,Texas Tech Football,4.529411764705882,12.270588235294118
48059,Callahan,Texas Football,College Football,16.8,Texas Tech Football,4.529411764705882,12.270588235294118
48495,Winkler,Texas Football,College Football,16.8,Texas Tech Football,6.384615384615385,10.415384615384616
48335,Mitchell,Texas Football,College Football,16.8,Texas Tech Football,4.529411764705882,12.270588235294118
48329,Midland,Texas Football,College Football,16.8,Texas Tech Football,6.384615384615385,10.415384615384616
48049,Brown,Texas Football,College Football,16.8,Texas Tech Football,4.529411764705882,12.270588235294118
23009,Hancock,Duke Basketball,College Basketball,16.8,UConn Basketball,11.714285714285714,5.085714285714287
48043,Brewster,Texas Football,College Football,16.8,Texas Tech Football,6.384615384615385,10.415384615384616
48133,Eastland,Texas Football,College Football,16.8,Texas Tech Football,4.529411764705882,12.270588235294118
48327,Menard,Texas Football,College Football,16.6,Texas Tech Football,4.222222222222222,12.37777777777778
48105,Crockett,Texas Football,College Football,16.6,Texas Tech Football,4.222222222222222,12.37777777777778
48413,Schleicher,Texas Football,College Football,16.6,Texas Tech Football,4.222222222222222,12.37777777777778
48095,Concho,Texas Football,College Football,16.6,Texas Tech Football,4.222222222222222,12.37777777777778
48307,McCulloch,Texas Football,College Football,16.6,Texas Tech Football,4.222222222222222,12.37777777777778
48451,Tom Green,Texas Football,College Football,16.6,Texas Tech Football,4.222222222222222,12.37777777777778
48081,Coke,Texas Football,College Football,16.6,Texas Tech Football,4.222222222222222,12.37777777777778
48235,Irion,Texas Football,College Football,16.6,Texas Tech Football,4.222222222222222,12.37777777777778
48435,Sutton,Texas Football,College Football,16.6,Texas Tech Football,4.222222222222222,12.37777777777778
48431,Sterling,Texas Football,College Football,16.6,Texas Tech Football,4.222222222222222,12.37777777777778
48267,Kimble,Texas Football,College Football,16.6,Texas Tech Football,4.222222222222222,12.37777777777778
27029,Clearwater,Minnesota Football,College Football,16.5,Michigan Football,7.166666666666667,9.333333333333332
27087,Mahnomen,Minnesota Football,College Football,16.5,Michigan Football,7.166666666666667,9.333333333333332
38095,Towner,Minnesota Football,College Football,16.5,Michigan Football,7.166666666666667,9.333333333333332
38093,Stutsman,Minnesota Football,College Football,16.5,Michigan Football,7.166666666666667,9.333333333333332
38091,Steele,Minnesota Football,College Football,16.5,Michigan Football,7.166666666666667,9.333333333333332
27135,Roseau,Minnesota Football,College Football,16.5,Michigan Football,7.166666666666667,9.333333333333332
06073,San Diego,USC Football,College Football,16.5,Michigan Football,12.2,4.300000000000001
27077,Lake of the Woods,Minnesota Football,College Football,16.5,Michigan Football,7.166666666666667,9.333333333333332
38039,Griggs,Minnesota Football,College Football,16.5,Michigan Football,7.166666666666667,9.333333333333332
27089,Marshall,Minnesota Football,College Football,16.5,Michigan Football,7.166666666666667,9.333333333333332
38045,Lamoure,Minnesota Football,College Football,16.5,Michigan Football,7.166666666666667,9.333333333333332
27111,Otter Tail,Minnesota Football,College Football,16.5,Michigan Football,7.166666666666667,9.333333333333332
38019,Cavalier,Minnesota Football,College Football,16.5,Michigan Football,7.166666666666667,9.333333333333332
38017,Cass,Minnesota Football,College Football,16.5,Michigan Football,7.166666666666667,9.333333333333332
38021,Dickey,Minnesota Football,College Football,16.5,Michigan Football,7.166666666666667,9.333333333333332
38067,Pembina,Minnesota Football,College Football,16.5,Michigan Football,7.166666666666667,9.333333333333332
27107,Norman,Minnesota Football,College Football,16.5,Michigan Football,7.166666666666667,9.333333333333332
27167,Wilkin,Minnesota Football,College Football,16.5,Michigan Football,7.166666666666667,9.333333333333332
38005,Benson,Minnesota Football,College Football,16.5,Michigan Football,7.166666666666667,9.333333333333332
38097,Traill,Minnesota Football,College Football,16.5,Michigan Football,7.166666666666667,9.333333333333332
38035,Grand Forks,Minnesota Football,College Football,16.5,Michigan Football,7.166666666666667,9.333333333333332
27005,Becker,Minnesota Football,College Football,16.5,Michigan Football,7.166666666666667,9.333333333333332
38027,Eddy,Minnesota Football,College Football,16.5,Michigan Football,7.166666666666667,9.333333333333332
38003,Barnes,Minnesota Football,College Football,16.5,Michigan Football,7.166666666666667,9.333333333333332
38099,Walsh,Minnesota Football,College Football,16.5,Michigan Football,7.166666666666667,9.333333333333332
27069,Kittson,Minnesota Football,College Football,16.5,Michigan Football,7.166666666666667,9.333333333333332
27113,Pennington,Minnesota Football,College Football,16.5,Michigan Football,7.166666666666667,9.333333333333332
38031,Foster,Minnesota Football,College Football,16.5,Michigan Football,7.166666666666667,9.333333333333332
38063,Nelson,Minnesota Football,College Football,16.5,Michigan Football,7.166666666666667,9.333333333333332
27125,Red Lake,Minnesota Football,College Football,16.5,Michigan Football,7.166666666666667,9.333333333333332
27027,Clay,Minnesota Football,College Football,16.5,Michigan Football,7.166666666666667,9.333333333333332
27119,Polk,Minnesota Football,College Football,16.5,Michigan Football,7.166666666666667,9.333333333333332
38077,Richland,Minnesota Football,College Football,16.5,Michigan Football,7.166666666666667,9.333333333333332
38081,Sargent,Minnesota Football,College Football,16.5,Michigan Football,7.166666666666667,9.333333333333332
38071,Ramsey,Minnesota Football,College Football,16.5,Michigan Football,7.166666666666667,9.333333333333332
38073,Ransom,Minnesota Football,College Football,16.5,Michigan Football,7.166666666666667,9.333333333333332
02110,Juneau,Oregon Football,College Football,16.4,Gonzaga Basketball,10.11111111111111,6.288888888888888
25005,Bristol,UConn Basketball,College Basketball,16.2,Michigan Football,8.0,8.2
44001,Bristol,UConn Basketball,College Basketball,16.2,Michigan Football,8.0,8.2
44009,Washington,UConn Basketball,College Basketball,16.2,Michigan Football,8.0,8.2
44003,Kent,UConn Basketball,College Basketball,16.2,Michigan Football,8.0,8.2
44005,Newport,UConn Basketball,College Basketball,16.2,Michigan Football,8.0,8.2
44007,Providence,UConn Basketball,College Basketball,16.2,Michigan Football,8.0,8.2
04009,Graham,Arizona Football,College Football,15.666666666666666,Arizona Basketball,12.0,3.666666666666666
04011,Greenlee,Arizona Football,College Football,15.666666666666666,Arizona Basketball,12.0,3.666666666666666
04007,Gila,Arizona Football,College Football,15.666666666666666,Arizona Basketball,12.0,3.666666666666666
04005,Coconino,Arizona Football,College Football,15.666666666666666,Arizona Basketball,12.0,3.666666666666666
04025,Yavapai,Arizona Football,College Football,15.666666666666666,Arizona Basketball,12.0,3.666666666666666
04015,Mohave,Arizona Football,College Football,15.666666666666666,Arizona Basketball,12.0,3.666666666666666
04017,Navajo,Arizona Football,College Football,15.666666666666666,Arizona Basketball,12.0,3.666666666666666
04012,La Paz,Arizona Football,College Football,15.666666666666666,Arizona Basketball,12.0,3.666666666666666
04021,Pinal,Arizona Football,College Football,15.666666666666666,Arizona Basketball,12.0,3.666666666666666
04013,Maricopa,Arizona Football,College Football,15.666666666666666,Arizona Basketball,12.0,3.666666666666666
48137,Edwards,Texas Football,College Football,15.0,Texas A&M Football,3.6,11.4
48127,Dimmit,Texas Football,College Football,15.0,Texas A&M Football,3.6,11.4
48507,Zavala,Texas Football,College Football,15.0,Texas A&M Football,3.6,11.4
48311,McMullen,Texas Football,College Football,15.0,Texas A&M Football,3.6,11.4
48323,Maverick,Texas Football,College Football,15.0,Texas A&M Football,3.6,11.4
48285,Lavaca,Texas Football,College Football,15.0,Texas A&M Football,3.6,11.4
48255,Karnes,Texas Football,College Football,15.0,Texas A&M Football,3.6,11.4
48265,Kerr,Texas Football,College Football,15.0,Texas A&M Football,3.6,11.4
48019,Bandera,Texas Football,College Football,15.0,Texas A&M Football,3.6,11.4
48175,Goliad,Texas Football,College Football,15.0,Texas A&M Football,3.6,11.4
48465,Val Verde,Texas Football,College Football,15.0,Texas A&M Football,3.6,11.4
48123,De Witt,Texas Football,College Football,15.0,Texas A&M Football,3.6,11.4
48013,Atascosa,Texas Football,College Football,15.0,Texas A&M Football,3.6,11.4
48385,Real,Texas Football,College Football,15.0,Texas A&M Football,3.6,11.4
48325,Medina,Texas Football,College Football,15.0,Texas A&M Football,3.6,11.4
48283,La Salle,Texas Football,College Football,15.0,Texas A&M Football,3.6,11.4
48091,Comal,Texas Football,College Football,15.0,Texas A&M Football,3.6,11.4
48259,Kendall,Texas Football,College Football,15.0,Texas A&M Football,3.6,11.4
48271,Kinney,Texas Football,College Football,15.0,Texas A&M Football,3.6,11.4
48493,Wilson,Texas Football,College Football,15.0,Texas A&M Football,3.6,11.4
48029,Bexar,Texas Football,College Football,15.0,Texas A&M Football,3.6,11.4
48463,Uvalde,Texas Football,College Football,15.0,Texas A&M Football,3.6,11.4
48187,Guadalupe,Texas Football,College Football,15.0,Texas A&M Football,3.6,11.4
48177,Gonzales,Texas Football,College Football,15.0,Texas A&M Football,3.6,11.4
48163,Frio,Texas Football,College Football,15.0,Texas A&M Football,3.6,11.4
48469,Victoria,Texas Football,College Football,14.8,Texas A&M Football,3.8,11.0
42111,Somerset,Michigan Football,College Football,14.0,Notre Dame Football,9.875,4.125
42013,Blair,Michigan Football,College Football,14.0,Notre Dame Football,9.875,4.125
42047,Elk,Michigan Football,College Football,14.0,Notre Dame Football,9.875,4.125
42033,Clearfield,Michigan Football,College Football,14.0,Notre Dame Football,9.875,4.125
42027,Centre,Michigan Football,College Football,14.0,Notre Dame Football,9.875,4.125
42061,Huntingdon,Michigan Football,College Football,14.0,Notre Dame Football,9.875,4.125
42009,Bedford,Michigan Football,College Football,14.0,Notre Dame Football,9.875,4.125
42065,Jefferson,Michigan Football,College Football,14.0,Notre Dame Football,9.875,4.125
42023,Cameron,Michigan Football,College Football,14.0,Notre Dame Football,9.875,4.125
42021,Cambria,Michigan Football,College Football,14.0,Notre Dame Football,9.875,4.125
50005,Caledonia,UConn Basketball,College Basketball,13.666666666666666,Michigan Football,9.5,4.166666666666666
50021,Rutland,UConn Basketball,College Basketball,13.666666666666666,Michigan Football,9.5,4.166666666666666
50009,Essex,UConn Basketball,College Basketball,13.666666666666666,Michigan Football,9.5,4.166666666666666
50017,Orange,UConn Basketball,College Basketball,13.666666666666666,Michigan Football,9.5,4.166666666666666
50011,Franklin,UConn Basketball,College Basketball,13.666666666666666,Michigan Football,9.5,4.166666666666666
50015,Lamoille,UConn Basketball,College Basketball,13.666666666666666,Michigan Football,9.5,4.166666666666666
50027,Windsor,UConn Basketball,College Basketball,13.666666666666666,Michigan Football,9.5,4.166666666666666
36019,Clinton,UConn Basketball,College Basketball,13.666666666666666,Michigan Football,9.5,4.166666666666666
33019,Sullivan,UConn Basketball,College Basketball,13.666666666666666,Michigan Football,9.5,4.166666666666666
50019,Orleans,UConn Basketball,College Basketball,13.666666666666666,Michigan Football,9.5,4.166666666666666
50001,Addison,UConn Basketball,College Basketball,13.666666666666666,Michigan Football,9.5,4.166666666666666
50023,Washington,UConn Basketball,College Basketball,13.666666666666666,Michigan Football,9.5,4.166666666666666
50013,Grand Isle,UConn Basketball,College Basketball,13.666666666666666,Michigan Football,9.5,4.166666666666666
33009,Grafton,UConn Basketball,College Basketball,13.666666666666666,Michigan Football,9.5,4.166666666666666
50007,Chittenden,UConn Basketball,College Basketball,13.666666666666666,Michigan Football,9.5,4.166666666666666
36031,Essex,UConn Basketball,College Basketball,13.666666666666666,Michigan Football,9.5,4.166666666666666
36033,Franklin,UConn Basketball,College Basketball,13.666666666666666,Michigan Football,9.5,4.166666666666666
30077,Powell,Michigan Football,College Football,13.0,Oregon Football,13.0,0.0
30031,Gallatin,Oregon Football,College Football,13.0,Michigan Football,13.0,0.0
30093,Silver Bow,Oregon Football,College Football,13.0,Michigan Football,13.0,0.0
30023,Deer Lodge,Oregon Football,College Football,13.0,Michigan Football,13.0,0.0
41017,Deschutes,Washington Football,College Football,13.0,Michigan Football,11.4,1.5999999999999996
30001,Beaverhead,Oregon Football,College Football,13.0,Michigan Football,13.0,0.0
30057,Madison,Oregon Football,College Football,13.0,Michigan Football,13.0,0.0
30043,Jefferson,Oregon Football,College Football,13.0,Michigan Football,13.0,0.0
48467,Van Zandt,Texas Football,College Football,12.833333333333334,TCU Football,3.1578947368421053,9.67543859649123
48251,Johnson,Texas Football,College Football,12.833333333333334,TCU Football,3.1578947368421053,9.67543859649123
48119,Delta,Texas Football,College Football,12.833333333333334,TCU Football,3.1578947368421053,9.67543859649123
48161,Freestone,Texas Football,College Football,12.833333333333334,TCU Football,3.1578947368421053,9.67543859649123
48497,Wise,Texas Football,College Football,12.833333333333334,TCU Football,3.1578947368421053,9.67543859649123
48035,Bosque,Texas Football,College Football,12.833333333333334,TCU Football,3.1578947368421053,9.67543859649123
48139,Ellis,Texas Football,College Football,12.833333333333334,TCU Football,3.1578947368421053,9.67543859649123
48257,Kaufman,Texas Football,College Football,12.833333333333334,TCU Football,3.1578947368421053,9.67543859649123
48121,Denton,Texas Football,College Football,12.833333333333334,TCU Football,3.1578947368421053,9.67543859649123
48093,Comanche,Texas Football,College Football,12.833333333333334,TCU Football,3.1578947368421053,9.67543859649123
48217,Hill,Texas Football,College Football,12.833333333333334,TCU Football,3.1578947368421053,9.67543859649123
48397,Rockwall,Texas Football,College Football,12.833333333333334,TCU Football,3.1578947368421053,9.67543859649123
48223,Hopkins,Texas Football,College Football,12.833333333333334,TCU Football,3.1578947368421053,9.67543859649123
48221,Hood,Texas Football,College Football,12.833333333333334,TCU Football,3.1578947368421053,9.67543859649123
48387,Red River,Texas Football,College Football,12.833333333333334,TCU Football,3.1578947368421053,9.67543859649123
48113,Dallas,Texas Football,College Football,12.833333333333334,TCU Football,3.1578947368421053,9.67543859649123
48193,Hamilton,Texas Football,College Football,12.833333333333334,TCU Football,3.1578947368421053,9.67543859649123
48237,Jack,Texas Football,College Football,12.833333333333334,TCU Football,3.1578947368421053,9.67543859649123
48425,Somervell,Texas Football,College Football,12.833333333333334,TCU Football,3.1578947368421053,9.67543859649123
48001,Anderson,Texas Football,College Football,12.833333333333334,TCU Football,3.1578947368421053,9.67543859649123
48379,Rains,Texas Football,College Football,12.833333333333334,TCU Football,3.1578947368421053,9.67543859649123
48147,Fannin,Texas Football,College Football,12.833333333333334,TCU Football,3.1578947368421053,9.67543859649123
48213,Henderson,Texas Football,College Football,12.833333333333334,TCU Football,3.1578947368421053,9.67543859649123
48439,Tarrant,Texas Football,College Football,12.833333333333334,TCU Football,3.1578947368421053,9.67543859649123
48349,Navarro,Texas Football,College Football,12.833333333333334,TCU Football,3.1578947368421053,9.67543859649123
48097,Cooke,Texas Football,College Football,12.833333333333334,TCU Football,3.1578947368421053,9.67543859649123
48277,Lamar,Texas Football,College Football,12.833333333333334,TCU Football,3.1578947368421053,9.67543859649123
48231,Hunt,Texas Football,College Football,12.833333333333334,TCU Football,3.1578947368421053,9.67543859649123
48367,Parker,Texas Football,College Football,12.833333333333334,TCU Football,3.1578947368421053,9.67543859649123
48085,Collin,Texas Football,College Football,12.833333333333334,TCU Football,3.1578947368421053,9.67543859649123
48143,Erath,Texas Football,College Football,12.833333333333334,TCU Football,3.1578947368421053,9.67543859649123
48363,Palo Pinto,Texas Football,College Football,12.833333333333334,TCU Football,3.1578947368421053,9.67543859649123
24017,Charles,Washington Football,College Football,12.5,Maryland Football,8.6,3.9000000000000004
54065,Morgan,Washington Football,College Football,12.5,Maryland Football,8.6,3.9000000000000004
54027,Hampshire,Washington Football,College Football,12.5,Maryland Football,8.6,3.9000000000000004
51171,Shenandoah,Washington Football,College Football,12.5,Maryland Football,8.6,3.9000000000000004
51107,Loudoun,Washington Football,College Football,12.5,Maryland Football,8.6,3.9000000000000004
24031,Montgomery,Washington Football,College Football,12.5,Maryland Football,8.6,3.9000000000000004
51177,Spotsylvania,Washington Football,College Football,12.5,Maryland Football,8.6,3.9000000000000004
51510,Alexandria City,Washington Football,College Football,12.5,Maryland Football,8.6,3.9000000000000004
51193,Westmoreland,Washington Football,College Football,12.5,Maryland Football,8.6,3.9000000000000004
51047,Culpeper,Washington Football,College Football,12.5,Maryland Football,8.6,3.9000000000000004
51610,Falls Church City,Washington Football,College Football,12.5,Maryland Football,8.6,3.9000000000000004
24037,Saint Marys,Washington Football,College Football,12.5,Maryland Football,8.6,3.9000000000000004
51153,Prince William,Washington Football,College Football,12.5,Maryland Football,8.6,3.9000000000000004
51099,King George,Washington Football,College Football,12.5,Maryland Football,8.6,3.9000000000000004
51600,Fairfax City,Washington Football,College Football,12.5,Maryland Football,8.6,3.9000000000000004
54003,Berkeley,Washington Football,College Football,12.5,Maryland Football,8.6,3.9000000000000004
42057,Fulton,Washington Football,College Football,12.5,Maryland Football,8.6,3.9000000000000004
24009,Calvert,Washington Football,College Football,12.5,Maryland Football,8.6,3.9000000000000004
51139,Page,Washington Football,College Football,12.5,Maryland Football,8.6,3.9000000000000004
24033,Prince Georges,Washington Football,College Football,12.5,Maryland Football,8.6,3.9000000000000004
51043,Clarke,Washington Football,College Football,12.5,Maryland Football,8.6,3.9000000000000004
51187,Warren,Washington Football,College Football,12.5,Maryland Football,8.6,3.9000000000000004
51179,Stafford,Washington Football,College Football,12.5,Maryland Football,8.6,3.9000000000000004
54057,Mineral,Washington Football,College Football,12.5,Maryland Football,8.6,3.9000000000000004
51069,Frederick,Washington Football,College Football,12.5,Maryland Football,8.6,3.9000000000000004
51840,Winchester City,Washington Football,College Football,12.5,Maryland Football,8.6,3.9000000000000004
51059,Fairfax,Washington Football,College Football,12.5,Maryland Football,8.6,3.9000000000000004
51061,Fauquier,Washington Football,College Football,12.5,Maryland Football,8.6,3.9000000000000004
24001,Allegany,Washington Football,College Football,12.5,Maryland Football,8.6,3.9000000000000004
51683,Manassas City,Washington Football,College Football,12.5,Maryland Football,8.6,3.9000000000000004
51013,Arlington,Washington Football,College Football,12.5,Maryland Football,8.6,3.9000000000000004
24021,Frederick,Washington Football,College Football,12.5,Maryland Football,8.6,3.9000000000000004
51630,Fredericksburg City,Washington Football,College Football,12.5,Maryland Football,8.6,3.9000000000000004
54031,Hardy,Washington Football,College Football,12.5,Maryland Football,8.6,3.9000000000000004
54023,Grant,Washington Football,College Football,12.5,Maryland Football,8.6,3.9000000000000004
51157,Rappahannock,Washington Football,College Football,12.5,Maryland Football,8.6,3.9000000000000004
11001,District of Columbia,Washington Football,College Football,12.5,Maryland Football,8.6,3.9000000000000004
24043,Washington,Washington Football,College Football,12.5,Maryland Football,8.6,3.9000000000000004
54037,Jefferson,Washington Football,College Football,12.5,Maryland Football,8.6,3.9000000000000004
51685,Manassas Park City,Washington Football,College Football,12.5,Maryland Football,8.6,3.9000000000000004
48247,Jim Hogg,Texas Football,College Football,12.333333333333334,Texas A&M Football,3.0,9.333333333333334
48007,Aransas,Texas Football,College Football,12.333333333333334,Texas A&M Football,3.0,9.333333333333334
48131,Duval,Texas Football,College Football,12.333333333333334,Texas A&M Football,3.0,9.333333333333334
48261,Kenedy,Texas Football,College Football,12.333333333333334,Texas A&M Football,3.0,9.333333333333334
48249,Jim Wells,Texas Football,College Football,12.333333333333334,Texas A&M Football,3.0,9.333333333333334
48297,Live Oak,Texas Football,College Football,12.333333333333334,Texas A&M Football,3.0,9.333333333333334
48273,Kleberg,Texas Football,College Football,12.333333333333334,Texas A&M Football,3.0,9.333333333333334
48047,Brooks,Texas Football,College Football,12.333333333333334,Texas A&M Football,3.0,9.333333333333334
48355,Nueces,Texas Football,College Football,12.333333333333334,Texas A&M Football,3.0,9.333333333333334
48025,Bee,Texas Football,College Football,12.333333333333334,Texas A&M Football,3.0,9.333333333333334
48391,Refugio,Texas Football,College Football,12.333333333333334,Texas A&M Football,3.0,9.333333333333334
48409,San Patricio,Texas Football,College Football,12.333333333333334,Texas A&M Football,3.0,9.333333333333334
06079,San Luis Obispo,USC Football,College Football,12.166666666666666,UCLA Basketball,6.571428571428571,5.595238095238095
06083,Santa Barbara,USC Football,College Football,12.166666666666666,UCLA Basketball,6.571428571428571,5.595238095238095
23005,Cumberland,UConn Basketball,College Basketball,11.857142857142858,Duke Basketball,9.5,2.3571428571428577
23007,Franklin,UConn Basketball,College Basketball,11.857142857142858,Duke Basketball,9.5,2.3571428571428577
33003,Carroll,UConn Basketball,College Basketball,11.857142857142858,Duke Basketball,9.5,2.3571428571428577
33007,Coos,UConn Basketball,College Basketball,11.857142857142858,Duke Basketball,9.5,2.3571428571428577
23023,Sagadahoc,UConn Basketball,College Basketball,11.857142857142858,Duke Basketball,9.5,2.3571428571428577
23013,Knox,UConn Basketball,College Basketball,11.857142857142858,Duke Basketball,9.5,2.3571428571428577
23011,Kennebec,UConn Basketball,College Basketball,11.857142857142858,Duke Basketball,9.5,2.3571428571428577
23017,Oxford,UConn Basketball,College Basketball,11.857142857142858,Duke Basketball,9.5,2.3571428571428577
23001,Androscoggin,UConn Basketball,College Basketball,11.857142857142858,Duke Basketball,9.5,2.3571428571428577
23015,Lincoln,UConn Basketball,College Basketball,11.857142857142858,Duke Basketball,9.5,2.3571428571428577
23031,York,UConn Basketball,College Basketball,11.857142857142858,Duke Basketball,9.5,2.3571428571428577
51087,Henrico,Virginia Football,College Football,11.8,Virginia Tech Football,6.2,5.6000000000000005
51595,Emporia City,Virginia Football,College Football,11.8,Virginia Tech Football,6.2,5.6000000000000005
51570,Colonial Heights City,Virginia Football,College Football,11.8,Virginia Tech Football,6.2,5.6000000000000005
51149,Prince George,Virginia Football,College Football,11.8,Virginia Tech Football,6.2,5.6000000000000005
51159,Richmond,Virginia Football,College Football,11.8,Virginia Tech Football,6.2,5.6000000000000005
51670,Hopewell City,Virginia Football,College Football,11.8,Virginia Tech Football,6.2,5.6000000000000005
51111,Lunenburg,Virginia Football,College Football,11.8,Virginia Tech Football,6.2,5.6000000000000005
51033,Caroline,Virginia Football,College Football,11.8,Virginia Tech Football,6.2,5.6000000000000005
51041,Chesterfield,Virginia Football,College Football,11.8,Virginia Tech Football,6.2,5.6000000000000005
51097,King and Queen,Virginia Football,College Football,11.8,Virginia Tech Football,6.2,5.6000000000000005
51036,Charles City,Virginia Football,College Football,11.8,Virginia Tech Football,6.2,5.6000000000000005
51007,Amelia,Virginia Football,College Football,11.8,Virginia Tech Football,6.2,5.6000000000000005
51135,Nottoway,Virginia Football,College Football,11.8,Virginia Tech Football,6.2,5.6000000000000005
51119,Middlesex,Virginia Football,College Football,11.8,Virginia Tech Football,6.2,5.6000000000000005
51730,Petersburg City,Virginia Football,College Football,11.8,Virginia Tech Football,6.2,5.6000000000000005
51127,New Kent,Virginia Football,College Football,11.8,Virginia Tech Football,6.2,5.6000000000000005
51145,Powhatan,Virginia Football,College Football,11.8,Virginia Tech Football,6.2,5.6000000000000005
51101,King William,Virginia Football,College Football,11.8,Virginia Tech Football,6.2,5.6000000000000005
51053,Dinwiddie,Virginia Football,College Football,11.8,Virginia Tech Football,6.2,5.6000000000000005
51057,Essex,Virginia Football,College Football,11.8,Virginia Tech Football,6.2,5.6000000000000005
51049,Cumberland,Virginia Football,College Football,11.8,Virginia Tech Football,6.2,5.6000000000000005
51133,Northumberland,Virginia Football,College Football,11.8,Virginia Tech Football,6.2,5.6000000000000005
51029,Buckingham,Virginia Football,College Football,11.8,Virginia Tech Football,6.2,5.6000000000000005
51183,Sussex,Virginia Football,College Football,11.8,Virginia Tech Football,6.2,5.6000000000000005
51085,Hanover,Virginia Football,College Football,11.8,Virginia Tech Football,6.2,5.6000000000000005
51103,Lancaster,Virginia Football,College Football,11.8,Virginia Tech Football,6.2,5.6000000000000005
51025,Brunswick,Virginia Football,College Football,11.8,Virginia Tech Football,6.2,5.6000000000000005
51760,Richmond City,Virginia Football,College Football,11.8,Virginia Tech Football,6.2,5.6000000000000005
51109,Louisa,Virginia Football,College Football,11.8,Virginia Tech Football,6.2,5.6000000000000005
51081,Greensville,Virginia Football,College Football,11.8,Virginia Tech Football,6.2,5.6000000000000005
51075,Goochland,Virginia Football,College Football,11.8,Virginia Tech Football,6.2,5.6000000000000005
51147,Prince Edward,Virginia Football,College Football,11.8,Virginia Tech Football,6.2,5.6000000000000005
40005,Atoka,Texas Football,College Football,11.428571428571429,Oklahoma Football,10.75,0.6785714285714288
48023,Baylor,Texas Football,College Football,11.428571428571429,Oklahoma Football,8.5,2.928571428571429
48503,Young,Texas Football,College Football,11.428571428571429,Oklahoma Football,8.5,2.928571428571429
40085,Love,Texas Football,College Football,11.428571428571429,Oklahoma Football,10.75,0.6785714285714288
06103,Tehama,Oregon Football,College Football,11.428571428571429,USC Football,5.1,6.328571428571429
48155,Foard,Texas Football,College Football,11.428571428571429,Oklahoma Football,8.5,2.928571428571429
48181,Grayson,Texas Football,College Football,11.428571428571429,Oklahoma Football,10.75,0.6785714285714288
48337,Montague,Texas Football,College Football,11.428571428571429,Oklahoma Football,8.5,2.928571428571429
40031,Comanche,Texas Football,College Football,11.428571428571429,Oklahoma Football,8.5,2.928571428571429
40065,Jackson,Texas Football,College Football,11.428571428571429,Oklahoma Football,8.5,2.928571428571429
40127,Pushmataha,Texas Football,College Football,11.428571428571429,Oklahoma Football,10.75,0.6785714285714288
40067,Jefferson,Texas Football,College Football,11.428571428571429,Oklahoma Football,8.5,2.928571428571429
40069,Johnston,Texas Football,College Football,11.428571428571429,Oklahoma Football,10.75,0.6785714285714288
40013,Bryan,Texas Football,College Football,11.428571428571429,Oklahoma Football,10.75,0.6785714285714288
40095,Marshall,Texas Football,College Football,11.428571428571429,Oklahoma Football,10.75,0.6785714285714288
40023,Choctaw,Texas Football,College Football,11.428571428571429,Oklahoma Football,10.75,0.6785714285714288
06021,Glenn,Oregon Football,College Football,11.428571428571429,USC Football,5.1,6.328571428571429
06105,Trinity,Oregon Football,College Football,11.428571428571429,USC Football,5.1,6.328571428571429
48485,Wichita,Texas Football,College Football,11.428571428571429,Oklahoma Football,8.5,2.928571428571429
48487,Wilbarger,Texas Football,College Football,11.428571428571429,Oklahoma Football,8.5,2.928571428571429
48077,Clay,Texas Football,College Football,11.428571428571429,Oklahoma Football,8.5,2.928571428571429
48269,King,Texas Football,College Football,11.428571428571429,Oklahoma Football,8.5,2.928571428571429
06049,Modoc,Oregon Football,College Football,11.428571428571429,USC Football,5.1,6.328571428571429
40123,Pontotoc,Texas Football,College Football,11.428571428571429,Oklahoma Football,10.75,0.6785714285714288
48197,Hardeman,Texas Football,College Football,11.428571428571429,Oklahoma Football,8.5,2.928571428571429
40029,Coal,Texas Football,College Football,11.428571428571429,Oklahoma Football,10.75,0.6785714285714288
06089,Shasta,Oregon Football,College Football,11.428571428571429,USC Football,5.1,6.328571428571429
40033,Cotton,Texas Football,College Football,11.428571428571429,Oklahoma Football,8.5,2.928571428571429
40137,Stephens,Texas Football,College Football,11.428571428571429,Oklahoma Football,8.5,2.928571428571429
40141,Tillman,Texas Football,College Football,11.428571428571429,Oklahoma Football,8.5,2.928571428571429
40019,Carter,Texas Football,College Football,11.428571428571429,Oklahoma Football,10.75,0.6785714285714288
06007,Butte,Oregon Football,College Football,11.428571428571429,USC Football,5.1,6.328571428571429
48009,Archer,Texas Football,College Football,11.428571428571429,Oklahoma Football,8.5,2.928571428571429
34013,Essex,Rutgers Football,College Football,11.333333333333334,Michigan Football,9.666666666666666,1.6666666666666679
34017,Hudson,Rutgers Football,College Football,11.333333333333334,Michigan Football,9.666666666666666,1.6666666666666679
36027,Dutchess,Rutgers Football,College Football,11.333333333333334,Michigan Football,9.666666666666666,1.6666666666666679
34041,Warren,Rutgers Football,College Football,11.333333333333334,Michigan Football,9.666666666666666,1.6666666666666679
36111,Ulster,Rutgers Football,College Football,11.333333333333334,Michigan Football,9.666666666666666,1.6666666666666679
36105,Sullivan,Rutgers Football,College Football,11.333333333333334,Michigan Football,9.666666666666666,1.6666666666666679
36103,Suffolk,Rutgers Football,College Football,11.333333333333334,Michigan Football,9.666666666666666,1.6666666666666679
36005,Bronx,Rutgers Football,College Football,11.333333333333334,Michigan Football,9.666666666666666,1.6666666666666679
36119,Westchester,Rutgers Football,College Football,11.333333333333334,Michigan Football,9.666666666666666,1.6666666666666679
36061,New York,Rutgers Football,College Football,11.333333333333334,Michigan Football,9.666666666666666,1.6666666666666679
36059,Nassau,Rutgers Football,College Football,11.333333333333334,Michigan Football,9.666666666666666,1.6666666666666679
34037,Sussex,Rutgers Football,College Football,11.333333333333334,Michigan Football,9.666666666666666,1.6666666666666679
34039,Union,Rutgers Football,College Football,11.333333333333334,Michigan Football,9.666666666666666,1.6666666666666679
34035,Somerset,Rutgers Football,College Football,11.333333333333334,Michigan Football,9.666666666666666,1.6666666666666679
34027,Morris,Rutgers Football,College Football,11.333333333333334,Michigan Football,9.666666666666666,1.6666666666666679
36087,Rockland,Rutgers Football,College Football,11.333333333333334,Michigan Football,9.666666666666666,1.6666666666666679
36081,Queens,Rutgers Football,College Football,11.333333333333334,Michigan Football,9.666666666666666,1.6666666666666679
36079,Putnam,Rutgers Football,College Football,11.333333333333334,Michigan Football,9.666666666666666,1.6666666666666679
34003,Bergen,Rutgers Football,College Football,11.333333333333334,Michigan Football,9.666666666666666,1.6666666666666679
42103,Pike,Rutgers Football,College Football,11.333333333333334,Michigan Football,9.666666666666666,1.6666666666666679
36071,Orange,Rutgers Football,College Football,11.333333333333334,Michigan Football,9.666666666666666,1.6666666666666679
36047,Kings,Rutgers Football,College Football,11.333333333333334,Michigan Football,9.666666666666666,1.6666666666666679
36085,Richmond,Rutgers Football,College Football,11.333333333333334,Michigan Football,9.666666666666666,1.6666666666666679
34023,Middlesex,Rutgers Football,College Football,11.333333333333334,Michigan Football,9.666666666666666,1.6666666666666679
09001,Fairfield,Rutgers Football,College Football,11.333333333333334,Michigan Football,9.666666666666666,1.6666666666666679
34019,Hunterdon,Rutgers Football,College Football,11.333333333333334,Michigan Football,9.666666666666666,1.6666666666666679
34031,Passaic,Rutgers Football,College Football,11.333333333333334,Michigan Football,9.666666666666666,1.6666666666666679
34029,Ocean,Rutgers Football,College Football,11.333333333333334,Michigan Football,9.666666666666666,1.6666666666666679
34025,Monmouth,Rutgers Football,College Football,11.333333333333334,Michigan Football,9.666666666666666,1.6666666666666679
24047,Worcester,Penn State Football,College Football,11.285714285714286,Maryland Football,9.8,1.4857142857142858
24039,Somerset,Penn State Football,College Football,11.285714285714286,Maryland Football,9.8,1.4857142857142858
24045,Wicomico,Penn State Football,College Football,11.285714285714286,Maryland Football,9.8,1.4857142857142858
24019,Dorchester,Penn State Football,College Football,11.285714285714286,Maryland Football,9.8,1.4857142857142858
10005,Sussex,Penn State Football,College Football,11.285714285714286,Maryland Football,9.8,1.4857142857142858
36093,Schenectady,Syracuse Basketball,College Basketball,11.2,UConn Basketball,7.888888888888889,3.31111111111111
25003,Berkshire,Syracuse Basketball,College Basketball,11.2,UConn Basketball,7.888888888888889,3.31111111111111
36001,Albany,Syracuse Basketball,College Basketball,11.2,UConn Basketball,7.888888888888889,3.31111111111111
50003,Bennington,Syracuse Basketball,College Basketball,11.2,UConn Basketball,7.888888888888889,3.31111111111111
36035,Fulton,Syracuse Basketball,College Basketball,11.2,UConn Basketball,7.888888888888889,3.31111111111111
36091,Saratoga,Syracuse Basketball,College Basketball,11.2,UConn Basketball,7.888888888888889,3.31111111111111
36021,Columbia,Syracuse Basketball,College Basketball,11.2,UConn Basketball,7.888888888888889,3.31111111111111
36095,Schoharie,Syracuse Basketball,College Basketball,11.2,UConn Basketball,7.888888888888889,3.31111111111111
36083,Rensselaer,Syracuse Basketball,College Basketball,11.2,UConn Basketball,7.888888888888889,3.31111111111111
36039,Greene,Syracuse Basketball,College Basketball,11.2,UConn Basketball,7.888888888888889,3.31111111111111
36057,Montgomery,Syracuse Basketball,College Basketball,11.2,UConn Basketball,7.888888888888889,3.31111111111111
36041,Hamilton,Syracuse Basketball,College Basketball,11.2,UConn Basketball,7.888888888888889,3.31111111111111
36113,Warren,Syracuse Basketball,College Basketball,11.2,UConn Basketball,7.888888888888889,3.31111111111111
36115,Washington,Syracuse Basketball,College Basketball,11.2,UConn Basketball,7.888888888888889,3.31111111111111
39111,Monroe,Michigan Football,College Football,10.5,Virginia Football,7.7,2.8
54051,Marshall,Michigan Football,College Football,10.5,Virginia Football,7.7,2.8
54069,Ohio,Michigan Football,College Football,10.5,Virginia Football,7.7,2.8
54103,Wetzel,Michigan Football,College Football,10.5,Virginia Football,7.7,2.8
54095,Tyler,Michigan Football,College Football,10.5,Virginia Football,7.7,2.8
54009,Brooke,Michigan Football,College Football,10.5,Virginia Football,7.7,2.8
54029,Hancock,Michigan Football,College Football,10.5,Virginia Football,7.7,2.8
39013,Belmont,Michigan Football,College Football,10.5,Virginia Football,7.7,2.8
39067,Harrison,Michigan Football,College Football,10.5,Virginia Football,7.7,2.8
39081,Jefferson,Michigan Football,College Football,10.5,Virginia Football,7.7,2.8
15001,Hawaii,Oregon Football,College Football,9.375,Michigan Football,6.666666666666667,2.708333333333333
15007,Kauai,Oregon Football,College Football,9.375,Michigan Football,6.666666666666667,2.708333333333333
15009,Maui,Oregon Football,College Football,9.375,Michigan Football,6.666666666666667,2.708333333333333
15003,Honolulu,Oregon Football,College Football,9.375,Michigan Football,6.666666666666667,2.708333333333333
15005,Kalawao,Oregon Football,College Football,9.375,Michigan Football,6.666666666666667,2.708333333333333
06013,Contra Costa,Michigan Football,College Football,9.285714285714286,Stanford Football,9.0,0.2857142857142865
06081,San Mateo,Michigan Football,College Football,9.285714285714286,Stanford Football,9.0,0.2857142857142865
06001,Alameda,Michigan Football,College Football,9.285714285714286,Stanford Football,9.0,0.2857142857142865
06075,San Francisco,Michigan Football,College Football,9.285714285714286,Stanford Football,9.0,0.2857142857142865
06045,Mendocino,Michigan Football,College Football,9.285714285714286,Stanford Football,9.0,0.2857142857142865
06033,Lake,Michigan Football,College Football,9.285714285714286,Stanford Football,9.0,0.2857142857142865
06085,Santa Clara,Michigan Football,College Football,9.285714285714286,Stanford Football,9.0,0.2857142857142865
06041,Marin,Michigan Football,College Football,9.285714285714286,Stanford Football,9.0,0.2857142857142865
06097,Sonoma,Michigan Football,College Football,9.285714285714286,Stanford Football,9.0,0.2857142857142865
06055,Napa,Michigan Football,College Football,9.285714285714286,Stanford Football,9.0,0.2857142857142865
55125,Vilas,Michigan Football,College Football,9.2,Iowa Basketball,7.6,1.5999999999999996
55097,Portage,Michigan Football,College Football,9.2,Iowa Basketball,7.6,1.5999999999999996
55067,Langlade,Michigan Football,College Football,9.2,Iowa Basketball,7.6,1.5999999999999996
55001,Adams,Michigan Football,College Football,9.2,Iowa Basketball,7.6,1.5999999999999996
55099,Price,Michigan Football,College Football,9.2,Iowa Basketball,7.6,1.5999999999999996
55141,Wood,Michigan Football,College Football,9.2,Iowa Basketball,7.6,1.5999999999999996
55069,Lincoln,Michigan Football,College Football,9.2,Iowa Basketball,7.6,1.5999999999999996
55041,Forest,Michigan Football,College Football,9.2,Iowa Basketball,7.6,1.5999999999999996
55073,Marathon,Michigan Football,College Football,9.2,Iowa Basketball,7.6,1.5999999999999996
55085,Oneida,Michigan Football,College Football,9.2,Iowa Basketball,7.6,1.5999999999999996
55119,Taylor,Michigan Football,College Football,9.2,Iowa Basketball,7.6,1.5999999999999996
06003,Alpine,Oregon Football,College Football,8.875,Michigan Football,8.0,0.875
32031,Washoe,Oregon Football,College Football,8.875,Michigan Football,8.0,0.875
32027,Pershing,Oregon Football,College Football,8.875,Michigan Football,8.0,0.875
32029,Storey,Oregon Football,College Football,8.875,Michigan Football,8.0,0.875
32510,Carson City,Oregon Football,College Football,8.875,Michigan Football,8.0,0.875
06051,Mono,Oregon Football,College Football,8.875,Michigan Football,8.0,0.875
06035,Lassen,Oregon Football,College Football,8.875,Michigan Football,8.0,0.875
32021,Mineral,Oregon Football,College Football,8.875,Michigan Football,8.0,0.875
32013,Humboldt,Oregon Football,College Football,8.875,Michigan Football,8.0,0.875
32005,Douglas,Oregon Football,College Football,8.875,Michigan Football,8.0,0.875
32019,Lyon,Oregon Football,College Football,8.875,Michigan Football,8.0,0.875
32009,Esmeralda,Oregon Football,College Football,8.875,Michigan Football,8.0,0.875
32015,Lander,Oregon Football,College Football,8.875,Michigan Football,8.0,0.875
32001,Churchill,Oregon Football,College Football,8.875,Michigan Football,8.0,0.875
02090,Fairbanks North Star,Michigan Football,College Football,8.428571428571429,Texas Football,7.25,1.1785714285714288
56043,Washakie,Nebraska Football,College Football,7.7,Colorado Football,4.2727272727272725,3.4272727272727277
56025,Natrona,Nebraska Football,College Football,7.7,Colorado Football,4.2727272727272725,3.4272727272727277
56017,Hot Springs,Nebraska Football,College Football,7.7,Colorado Football,4.2727272727272725,3.4272727272727277
56013,Fremont,Nebraska Football,College Football,7.7,Colorado Football,4.2727272727272725,3.4272727272727277
56009,Converse,Nebraska Football,College Football,7.7,Colorado Football,4.2727272727272725,3.4272727272727277
02122,Kenai Peninsula,Oregon Football,College Football,7.666666666666667,Michigan Football,4.636363636363637,3.0303030303030303
02170,Matanuska Susitna,Oregon Football,College Football,7.666666666666667,Michigan Football,4.636363636363637,3.0303030303030303
02020,Anchorage,Oregon Football,College Football,7.666666666666667,Michigan Football,4.636363636363637,3.0303030303030303
51810,Virginia Beach City,Virginia Football,College Football,7.5,Washington Football,4.785714285714286,2.7142857142857144
51735,Poquoson City,Virginia Football,College Football,7.5,Washington Football,4.785714285714286,2.7142857142857144
51700,Newport News City,Virginia Football,College Football,7.5,Washington Football,4.785714285714286,2.7142857142857144
51740,Portsmouth City,Virginia Football,College Football,7.5,Washington Football,4.785714285714286,2.7142857142857144
51550,Chesapeake City,Virginia Football,College Football,7.5,Washington Football,4.785714285714286,2.7142857142857144
37053,Currituck,Virginia Football,College Football,7.5,Washington Football,4.785714285714286,2.7142857142857144
51830,Williamsburg City,Virginia Football,College Football,7.5,Washington Football,4.785714285714286,2.7142857142857144
51175,Southampton,Virginia Football,College Football,7.5,Washington Football,4.785714285714286,2.7142857142857144
37041,Chowan,Virginia Football,College Football,7.5,Washington Football,4.785714285714286,2.7142857142857144
37143,Perquimans,Virginia Football,College Football,7.5,Washington Football,4.785714285714286,2.7142857142857144
51115,Mathews,Virginia Football,College Football,7.5,Washington Football,4.785714285714286,2.7142857142857144
51199,York,Virginia Football,College Football,7.5,Washington Football,4.785714285714286,2.7142857142857144
51620,Franklin City,Virginia Football,College Football,7.5,Washington Football,4.785714285714286,2.7142857142857144
51073,Gloucester,Virginia Football,College Football,7.5,Washington Football,4.785714285714286,2.7142857142857144
51181,Surry,Virginia Football,College Football,7.5,Washington Football,4.785714285714286,2.7142857142857144
37139,Pasquotank,Virginia Football,College Football,7.5,Washington Football,4.785714285714286,2.7142857142857144
37091,Hertford,Virginia Football,College Football,7.5,Washington Football,4.785714285714286,2.7142857142857144
37055,Dare,Virginia Football,College Football,7.5,Washington Football,4.785714285714286,2.7142857142857144
37073,Gates,Virginia Football,College Football,7.5,Washington Football,4.785714285714286,2.7142857142857144
51710,Norfolk City,Virginia Football,College Football,7.5,Washington Football,4.785714285714286,2.7142857142857144
51001,Accomack,Virginia Football,College Football,7.5,Washington Football,4.785714285714286,2.7142857142857144
51093,Isle of Wight,Virginia Football,College Football,7.5,Washington Football,4.785714285714286,2.7142857142857144
37131,Northampton,Virginia Football,College Football,7.5,Washington Football,4.785714285714286,2.7142857142857144
37029,Camden,Virginia Football,College Football,7.5,Washington Football,4.785714285714286,2.7142857142857144
51131,Northampton,Virginia Football,College Football,7.5,Washington Football,4.785714285714286,2.7142857142857144
51095,James City,Virginia Football,College Football,7.5,Washington Football,4.785714285714286,2.7142857142857144
51800,Suffolk City,Virginia Football,College Football,7.5,Washington Football,4.785714285714286,2.7142857142857144
51650,Hampton City,Virginia Football,College Football,7.5,Washington Football,4.785714285714286,2.7142857142857144
06029,Kern,USC Football,College Football,7.2,UCLA Football,2.4705882352941178,4.729411764705882
30059,Meagher,Michigan Football,College Football,7.142857142857143,Oregon Football,6.4,0.7428571428571429
56003,Big Horn,Michigan Football,College Football,7.142857142857143,Oregon Football,6.4,0.7428571428571429
30087,Rosebud,Michigan Football,College Football,7.142857142857143,Oregon Football,6.4,0.7428571428571429
30067,Park,Michigan Football,College Football,7.142857142857143,Oregon Football,6.4,0.7428571428571429
30097,Sweet Grass,Michigan Football,College Football,7.142857142857143,Oregon Football,6.4,0.7428571428571429
30095,Stillwater,Michigan Football,College Football,7.142857142857143,Oregon Football,6.4,0.7428571428571429
30103,Treasure,Michigan Football,College Football,7.142857142857143,Oregon Football,6.4,0.7428571428571429
30009,Carbon,Michigan Football,College Football,7.142857142857143,Oregon Football,6.4,0.7428571428571429
30037,Golden Valley,Michigan Football,College Football,7.142857142857143,Oregon Football,6.4,0.7428571428571429
56029,Park,Michigan Football,College Football,7.142857142857143,Oregon Football,6.4,0.7428571428571429
30033,Garfield,Michigan Football,College Football,7.142857142857143,Oregon Football,6.4,0.7428571428571429
30107,Wheatland,Michigan Football,College Football,7.142857142857143,Oregon Football,6.4,0.7428571428571429
30065,Musselshell,Michigan Football,College Football,7.142857142857143,Oregon Football,6.4,0.7428571428571429
30017,Custer,Michigan Football,College Football,7.142857142857143,Oregon Football,6.4,0.7428571428571429
30069,Petroleum,Michigan Football,College Football,7.142857142857143,Oregon Football,6.4,0.7428571428571429
30111,Yellowstone,Michigan Football,College Football,7.142857142857143,Oregon Football,6.4,0.7428571428571429
30003,Big Horn,Michigan Football,College Football,7.142857142857143,Oregon Football,6.4,0.7428571428571429
30075,Powder River,Michigan Football,College Football,7.142857142857143,Oregon Football,6.4,0.7428571428571429
09015,Windham,Michigan Football,College Football,6.75,Notre Dame Football,5.769230769230769,0.9807692307692308
09009,New Haven,Michigan Football,College Football,6.75,Notre Dame Football,5.769230769230769,0.9807692307692308
09005,Litchfield,Michigan Football,College Football,6.75,Notre Dame Football,5.769230769230769,0.9807692307692308
09011,New London,Michigan Football,College Football,6.75,Notre Dame Football,5.769230769230769,0.9807692307692308
09013,Tolland,Michigan Football,College Football,6.75,Notre Dame Football,5.769230769230769,0.9807692307692308
09003,Hartford,Michigan Football,College Football,6.75,Notre Dame Football,5.769230769230769,0.9807692307692308
09007,Middlesex,Michigan Football,College Football,6.75,Notre Dame Football,5.769230769230769,0.9807692307692308
30007,Broadwater,Oregon Football,College Football,6.181818181818182,Gonzaga Basketball,5.642857142857143,0.5389610389610384
30049,Lewis and Clark,Oregon Football,College Football,6.181818181818182,Gonzaga Basketball,5.642857142857143,0.5389610389610384
04023,Santa Cruz,Michigan Football,College Football,6.125,Oregon Football,5.083333333333333,1.041666666666667
04003,Cochise,Michigan Football,College Football,6.125,Oregon Football,5.083333333333333,1.041666666666667
04019,Pima,Michigan Football,College Football,6.125,Oregon Football,5.083333333333333,1.041666666666667
06063,Plumas,Oregon Football,College Football,5.75,USC Football,4.818181818181818,0.9318181818181817
06057,Nevada,Oregon Football,College Football,5.75,USC Football,4.818181818181818,0.9318181818181817
06101,Sutter,Oregon Football,College Football,5.75,USC Football,4.818181818181818,0.9318181818181817
06005,Amador,Oregon Football,College Football,5.75,USC Football,4.818181818181818,0.9318181818181817
06009,Calaveras,Oregon Football,College Football,5.75,USC Football,4.818181818181818,0.9318181818181817
06017,El Dorado,Oregon Football,College Football,5.75,USC Football,4.818181818181818,0.9318181818181817
06067,Sacramento,Oregon Football,College Football,5.75,USC Football,4.818181818181818,0.9318181818181817
06077,San Joaquin,Oregon Football,College Football,5.75,USC Football,4.818181818181818,0.9318181818181817
06061,Placer,Oregon Football,College Football,5.75,USC Football,4.818181818181818,0.9318181818181817
06099,Stanislaus,Oregon Football,College Football,5.75,USC Football,4.818181818181818,0.9318181818181817
06011,Colusa,Oregon Football,College Football,5.75,USC Football,4.818181818181818,0.9318181818181817
06115,Yuba,Oregon Football,College Football,5.75,USC Football,4.818181818181818,0.9318181818181817
06109,Tuolumne,Oregon Football,College Football,5.75,USC Football,4.818181818181818,0.9318181818181817
06091,Sierra,Oregon Football,College Football,5.75,USC Football,4.818181818181818,0.9318181818181817
06095,Solano,Oregon Football,College Football,5.75,USC Football,4.818181818181818,0.9318181818181817
06113,Yolo,Oregon Football,College Football,5.75,USC Football,4.818181818181818,0.9318181818181817
30015,Chouteau,Gonzaga Basketball,College Basketball,5.642857142857143,Michigan Football,5.333333333333333,0.3095238095238102
30013,Cascade,Gonzaga Basketball,College Basketball,5.642857142857143,Michigan Football,5.333333333333333,0.3095238095238102
30099,Teton,Gonzaga Basketball,College Basketball,5.642857142857143,Michigan Football,5.333333333333333,0.3095238095238102
30041,Hill,Gonzaga Basketball,College Basketball,5.642857142857143,Michigan Football,5.333333333333333,0.3095238095238102
30101,Toole,Gonzaga Basketball,College Basketball,5.642857142857143,Michigan Football,5.333333333333333,0.3095238095238102
30105,Valley,Gonzaga Basketball,College Basketball,5.642857142857143,Michigan Football,5.333333333333333,0.3095238095238102
30073,Pondera,Gonzaga Basketball,College Basketball,5.642857142857143,Michigan Football,5.333333333333333,0.3095238095238102
30071,Phillips,Gonzaga Basketball,College Basketball,5.642857142857143,Michigan Football,5.333333333333333,0.3095238095238102
30005,Blaine,Gonzaga Basketball,College Basketball,5.642857142857143,Michigan Football,5.333333333333333,0.3095238095238102
30051,Liberty,Gonzaga Basketball,College Basketball,5.642857142857143,Michigan Football,5.333333333333333,0.3095238095238102
30027,Fergus,Gonzaga Basketball,College Basketball,5.642857142857143,Michigan Football,5.333333333333333,0.3095238095238102
30035,Glacier,Gonzaga Basketball,College Basketball,5.642857142857143,Michigan Football,5.333333333333333,0.3095238095238102
30045,Judith Basin,Gonzaga Basketball,College Basketball,5.642857142857143,Michigan Football,5.333333333333333,0.3095238095238102
48215,Hidalgo,Texas Football,College Football,5.538461538461538,Texas A&M Football,1.0769230769230769,4.461538461538462
48427,Starr,Texas Football,College Football,5.538461538461538,Texas A&M Football,1.0769230769230769,4.461538461538462
48061,Cameron,Texas Football,College Football,5.538461538461538,Texas A&M Football,1.0769230769230769,4.461538461538462
48489,Willacy,Texas Football,College Football,5.538461538461538,Texas A&M Football,1.0769230769230769,4.461538461538462
36023,Cortland,Duke Basketball,College Basketball,5.166666666666667,Michigan Football,4.818181818181818,0.3484848484848486
36109,Tompkins,Duke Basketball,College Basketball,5.166666666666667,Michigan Football,4.818181818181818,0.3484848484848486
36011,Cayuga,Duke Basketball,College Basketball,5.166666666666667,Michigan Football,4.818181818181818,0.3484848484848486
36053,Madison,Duke Basketball,College Basketball,5.166666666666667,Michigan Football,4.818181818181818,0.3484848484848486
36099,Seneca,Duke Basketball,College Basketball,5.166666666666667,Michigan Football,4.818181818181818,0.3484848484848486
36067,Onondaga,Duke Basketball,College Basketball,5.166666666666667,Michigan Football,4.818181818181818,0.3484848484848486
36075,Oswego,Duke Basketball,College Basketball,5.166666666666667,Michigan Football,4.818181818181818,0.3484848484848486
06087,Santa Cruz,USC Football,College Football,4.818181818181818,Oregon Football,4.571428571428571,0.24675324675324717
06053,Monterey,USC Football,College Football,4.818181818181818,Oregon Football,4.571428571428571,0.24675324675324717
06069,San Benito,USC Football,College Football,4.818181818181818,Oregon Football,4.571428571428571,0.24675324675324717
48479,Webb,Texas Football,College Football,4.1875,Texas A&M Football,0.9375,3.25
48505,Zapata,Texas Football,College Football,4.1875,Texas A&M Football,0.9375,3.25
48109,Culberson,Texas Football,College Football,4.0588235294117645,Colorado Football,1.05,3.0088235294117647
48141,El Paso,Texas Football,College Football,4.0588235294117645,Colorado Football,1.05,3.0088235294117647
35013,Dona Ana,Texas Football,College Football,4.0588235294117645,Colorado Football,1.05,3.0088235294117647
48229,Hudspeth,Texas Football,College Football,4.0588235294117645,Colorado Football,1.05,3.0088235294117647
35006,Cibola,Texas Football,College Football,4.0,Colorado Football,1.7037037037037037,2.2962962962962963
35003,Catron,Texas Football,College Football,4.0,Colorado Football,1.7037037037037037,2.2962962962962963
35011,De Baca,Texas Football,College Football,4.0,Colorado Football,1.7037037037037037,2.2962962962962963
35021,Harding,Texas Football,College Football,4.0,Colorado Football,1.7037037037037037,2.2962962962962963
35033,Mora,Texas Football,College Football,4.0,Colorado Football,1.7037037037037037,2.2962962962962963
35031,McKinley,Texas Football,College Football,4.0,Colorado Football,1.7037037037037037,2.2962962962962963
35028,Los Alamos,Texas Football,College Football,4.0,Colorado Football,1.7037037037037037,2.2962962962962963
35039,Rio Arriba,Texas Football,College Football,4.0,Colorado Football,1.7037037037037037,2.2962962962962963
35049,Santa Fe,Texas Football,College Football,4.0,Colorado Football,1.7037037037037037,2.2962962962962963
35045,San Juan,Texas Football,College Football,4.0,Colorado Football,1.7037037037037037,2.2962962962962963
35057,Torrance,Texas Football,College Football,4.0,Colorado Football,1.7037037037037037,2.2962962962962963
35053,Socorro,Texas Football,College Football,4.0,Colorado Football,1.7037037037037037,2.2962962962962963
08083,Montezuma,Texas Football,College Football,4.0,Colorado Football,1.7037037037037037,2.2962962962962963
04001,Apache,Texas Football,College Football,4.0,Colorado Football,1.7037037037037037,2.2962962962962963
35001,Bernalillo,Texas Football,College Football,4.0,Colorado Football,1.7037037037037037,2.2962962962962963
35005,Chaves,Texas Football,College Football,4.0,Colorado Football,1.7037037037037037,2.2962962962962963
35017,Grant,Texas Football,College Football,4.0,Colorado Football,1.7037037037037037,2.2962962962962963
35015,Eddy,Texas Football,College Football,4.0,Colorado Football,1.7037037037037037,2.2962962962962963
35027,Lincoln,Texas Football,College Football,4.0,Colorado Football,1.7037037037037037,2.2962962962962963
35025,Lea,Texas Football,College Football,4.0,Colorado Football,1.7037037037037037,2.2962962962962963
35019,Guadalupe,Texas Football,College Football,4.0,Colorado Football,1.7037037037037037,2.2962962962962963
35029,Luna,Texas Football,College Football,4.0,Colorado Football,1.7037037037037037,2.2962962962962963
35047,San Miguel,Texas Football,College Football,4.0,Colorado Football,1.7037037037037037,2.2962962962962963
35055,Taos,Texas Football,College Football,4.0,Colorado Football,1.7037037037037037,2.2962962962962963
35035,Otero,Texas Football,College Football,4.0,Colorado Football,1.7037037037037037,2.2962962962962963
35061,Valencia,Texas Football,College Football,4.0,Colorado Football,1.7037037037037037,2.2962962962962963
35023,Hidalgo,Texas Football,College Football,4.0,Colorado Football,1.7037037037037037,2.2962962962962963
35043,Sandoval,Texas Football,College Football,4.0,Colorado Football,1.7037037037037037,2.2962962962962963
35051,Sierra,Texas Football,College Football,4.0,Colorado Football,1.7037037037037037,2.2962962962962963
08067,La Plata,Texas Football,College Football,4.0,Colorado Football,1.7037037037037037,2.2962962962962963
35007,Colfax,Texas Football,College Football,4.0,Colorado Football,1.7037037037037037,2.2962962962962963
04027,Yuma,Arizona Football,College Football,3.727272727272727,Arizona Basketball,3.5454545454545454,0.18181818181818166
06025,Imperial,Arizona Football,College Football,3.727272727272727,Arizona Basketball,3.5454545454545454,0.18181818181818166
38025,Dunn,Michigan Football,College Football,2.9285714285714284,Nebraska Football,2.9285714285714284,0.0
38023,Divide,Nebraska Football,College Football,2.9285714285714284,Michigan Football,2.9285714285714284,0.0
30109,Wibaux,Michigan Football,College Football,2.9285714285714284,Nebraska Football,2.9285714285714284,0.0
38011,Bowman,Michigan Football,College Football,2.9285714285714284,Nebraska Football,2.9285714285714284,0.0
38009,Bottineau,Nebraska Football,College Football,2.9285714285714284,Michigan Football,2.9285714285714284,0.0
38007,Billings,Nebraska Football,College Football,2.9285714285714284,Michigan Football,2.9285714285714284,0.0
38041,Hettinger,Michigan Football,College Football,2.9285714285714284,Nebraska Football,2.9285714285714284,0.0
38043,Kidder,Nebraska Football,College Football,2.9285714285714284,Michigan Football,2.9285714285714284,0.0
30085,Roosevelt,Nebraska Football,College Football,2.9285714285714284,Michigan Football,2.9285714285714284,0.0
30083,Richland,Michigan Football,College Football,2.9285714285714284,Nebraska Football,2.9285714285714284,0.0
38013,Burke,Michigan Football,College Football,2.9285714285714284,Nebraska Football,2.9285714285714284,0.0
30091,Sheridan,Michigan Football,College Football,2.9285714285714284,Nebraska Football,2.9285714285714284,0.0
38001,Adams,Michigan Football,College Football,2.9285714285714284,Nebraska Football,2.9285714285714284,0.0
38037,Grant,Michigan Football,College Football,2.9285714285714284,Nebraska Football,2.9285714285714284,0.0
30055,McCone,Michigan Football,College Football,2.9285714285714284,Nebraska Football,2.9285714285714284,0.0
38049,McHenry,Michigan Football,College Football,2.9285714285714284,Nebraska Football,2.9285714285714284,0.0
38047,Logan,Nebraska Football,College Football,2.9285714285714284,Michigan Football,2.9285714285714284,0.0
38105,Williams,Michigan Football,College Football,2.9285714285714284,Nebraska Football,2.9285714285714284,0.0
38103,Wells,Nebraska Football,College Football,2.9285714285714284,Michigan Football,2.9285714285714284,0.0
38101,Ward,Nebraska Football,College Football,2.9285714285714284,Michigan Football,2.9285714285714284,0.0
38085,Sioux,Nebraska Football,College Football,2.9285714285714284,Michigan Football,2.9285714285714284,0.0
38089,Stark,Michigan Football,College Football,2.9285714285714284,Nebraska Football,2.9285714285714284,0.0
38087,Slope,Michigan Football,College Football,2.9285714285714284,Nebraska Football,2.9285714285714284,0.0
38051,McIntosh,Michigan Football,College Football,2.9285714285714284,Nebraska Football,2.9285714285714284,0.0
46031,Corson,Nebraska Football,College Football,2.9285714285714284,Michigan Football,2.9285714285714284,0.0
38079,Rolette,Michigan Football,College Football,2.9285714285714284,Nebraska Football,2.9285714285714284,0.0
38053,McKenzie,Nebraska Football,College Football,2.9285714285714284,Michigan Football,2.9285714285714284,0.0
38075,Renville,Nebraska Football,College Football,2.9285714285714284,Michigan Football,2.9285714285714284,0.0
38057,Mercer,Nebraska Football,College Football,2.9285714285714284,Michigan Football,2.9285714285714284,0.0
38083,Sheridan,Michigan Football,College Football,2.9285714285714284,Nebraska Football,2.9285714285714284,0.0
38069,Pierce,Michigan Football,College Football,2.9285714285714284,Nebraska Football,2.9285714285714284,0.0
30025,Fallon,Michigan Football,College Football,2.9285714285714284,Nebraska Football,2.9285714285714284,0.0
38059,Morton,Nebraska Football,College Football,2.9285714285714284,Michigan Football,2.9285714285714284,0.0
38055,McLean,Michigan Football,College Football,2.9285714285714284,Nebraska Football,2.9285714285714284,0.0
38061,Mountrail,Nebraska Football,College Football,2.9285714285714284,Michigan Football,2.9285714285714284,0.0
38065,Oliver,Michigan Football,College Football,2.9285714285714284,Nebraska Football,2.9285714285714284,0.0
30019,Daniels,Michigan Football,College Football,2.9285714285714284,Nebraska Football,2.9285714285714284,0.0
38029,Emmons,Nebraska Football,College Football,2.9285714285714284,Michigan Football,2.9285714285714284,0.0
38015,Burleigh,Nebraska Football,College Football,2.9285714285714284,Michigan Football,2.9285714285714284,0.0
38033,Golden Valley,Nebraska Football,College Football,2.9285714285714284,Michigan Football,2.9285714285714284,0.0
4602,Division No.  2,Winnipeg Jets,NHL,49.0,Toronto Maple Leafs,4.615384615384615,44.38461538461539
4607,Division No.  7,Winnipeg Jets,NHL,49.0,Toronto Maple Leafs,4.615384615384615,44.38461538461539
4622,Division No. 22,Winnipeg Jets,NHL,49.0,Toronto Maple Leafs,4.615384615384615,44.38461538461539
4621,Division No. 21,Winnipeg Jets,NHL,49.0,Toronto Maple Leafs,4.615384615384615,44.38461538461539
4619,Division No. 19,Winnipeg Jets,NHL,49.0,Toronto Maple Leafs,4.615384615384615,44.38461538461539
4608,Division No.  8,Winnipeg Jets,NHL,49.0,Toronto Maple Leafs,4.615384615384615,44.38461538461539
4610,Division No. 10,Winnipeg Jets,NHL,49.0,Toronto Maple Leafs,4.615384615384615,44.38461538461539
4623,Division No. 23,Winnipeg Jets,NHL,49.0,Toronto Maple Leafs,4.615384615384615,44.38461538461539
4603,Division No.  3,Winnipeg Jets,NHL,49.0,Toronto Maple Leafs,4.615384615384615,44.38461538461539
4609,Division No.  9,Winnipeg Jets,NHL,49.0,Toronto Maple Leafs,4.615384615384615,44.38461538461539
4618,Division No. 18,Winnipeg Jets,NHL,49.0,Toronto Maple Leafs,4.615384615384615,44.38461538461539
4606,Division No.  6,Winnipeg Jets,NHL,49.0,Toronto Maple Leafs,4.615384615384615,44.38461538461539
4611,Division No. 11,Winnipeg Jets,NHL,49.0,Toronto Maple Leafs,4.615384615384615,44.38461538461539
4604,Division No.  4,Winnipeg Jets,NHL,49.0,Toronto Maple Leafs,4.615384615384615,44.38461538461539
4613,Division No. 13,Winnipeg Jets,NHL,49.0,Toronto Maple Leafs,4.615384615384615,44.38461538461539
4617,Division No. 17,Winnipeg Jets,NHL,49.0,Toronto Maple Leafs,4.615384615384615,44.38461538461539
4616,Division No. 16,Winnipeg Jets,NHL,49.0,Toronto Maple Leafs,4.615384615384615,44.38461538461539
4620,Division No. 20,Winnipeg Jets,NHL,49.0,Toronto Maple Leafs,4.615384615384615,44.38461538461539
4614,Division No. 14,Winnipeg Jets,NHL,49.0,Toronto Maple Leafs,4.615384615384615,44.38461538461539
4601,Division No.  1,Winnipeg Jets,NHL,49.0,Toronto Maple Leafs,4.615384615384615,44.38461538461539
4615,Division No. 15,Winnipeg Jets,NHL,49.0,Toronto Maple Leafs,4.615384615384615,44.38461538461539
4605,Division No.  5,Winnipeg Jets,NHL,49.0,Toronto Maple Leafs,4.615384615384615,44.38461538461539
4612,Division No. 12,Winnipeg Jets,NHL,49.0,Toronto Maple Leafs,4.615384615384615,44.38461538461539
1004,Division No.  4,Toronto Maple Leafs,NHL,43.0,Montreal Canadiens,39.5,3.5
1005,Division No.  5,Toronto Maple Leafs,NHL,43.0,Montreal Canadiens,39.5,3.5
1006,Division No.  6,Toronto Maple Leafs,NHL,43.0,Montreal Canadiens,39.5,3.5
1001,Division No.  1,Toronto Maple Leafs,NHL,43.0,Montreal Canadiens,39.5,3.5
1003,Division No.  3,Toronto Maple Leafs,NHL,43.0,Montreal Canadiens,39.5,3.5
1009,Division No.  9,Toronto Maple Leafs,NHL,43.0,Montreal Canadiens,39.5,3.5
1008,Division No.  8,Toronto Maple Leafs,NHL,43.0,Montreal Canadiens,39.5,3.5
1011,Division No. 11,Toronto Maple Leafs,NHL,43.0,Montreal Canadiens,39.5,3.5
1010,Division No. 10,Toronto Maple Leafs,NHL,43.0,Montreal Canadiens,39.5,3.5
1007,Division No.  7,Toronto Maple Leafs,NHL,43.0,Montreal Canadiens,39.5,3.5
1002,Division No.  2,Toronto Maple Leafs,NHL,43.0,Montreal Canadiens,39.5,3.5
4804,Division No.  4,Edmonton Oilers,NHL,29.0,Calgary Flames,19.5,9.5
4802,Division No.  2,Edmonton Oilers,NHL,29.0,Calgary Flames,19.5,9.5
4807,Division No.  7,Edmonton Oilers,NHL,29.0,Calgary Flames,19.5,9.5
4805,Division No.  5,Edmonton Oilers,NHL,29.0,Calgary Flames,19.5,9.5
4808,Division No.  8,Edmonton Oilers,NHL,29.0,Calgary Flames,19.5,9.5
4803,Division No.  3,Edmonton Oilers,NHL,29.0,Calgary Flames,19.5,9.5
4810,Division No. 10,Edmonton Oilers,NHL,29.0,Calgary Flames,19.5,9.5
4809,Division No.  9,Edmonton Oilers,NHL,29.0,Calgary Flames,19.5,9.5
4811,Division No. 11,Edmonton Oilers,NHL,29.0,Calgary Flames,19.5,9.5
4812,Division No. 12,Edmonton Oilers,NHL,29.0,Calgary Flames,19.5,9.5
4815,Division No. 15,Edmonton Oilers,NHL,29.0,Calgary Flames,19.5,9.5
4801,Division No.  1,Edmonton Oilers,NHL,29.0,Calgary Flames,19.5,9.5
4818,Division No. 18,Edmonton Oilers,NHL,29.0,Calgary Flames,19.5,9.5
4816,Division No. 16,Edmonton Oilers,NHL,29.0,Calgary Flames,19.5,9.5
4817,Division No. 17,Edmonton Oilers,NHL,29.0,Calgary Flames,19.5,9.5
4814,Division No. 14,Edmonton Oilers,NHL,29.0,Calgary Flames,19.5,9.5
4813,Division No. 13,Edmonton Oilers,NHL,29.0,Calgary Flames,19.5,9.5
4819,Division No. 19,Edmonton Oilers,NHL,29.0,Calgary Flames,19.5,9.5
4806,Division No.  6,Edmonton Oilers,NHL,29.0,Calgary Flames,19.5,9.5
1102,Queens,Toronto Maple Leafs,NHL,27.666666666666668,Montreal Canadiens,20.0,7.666666666666668
1103,Prince,Toronto Maple Leafs,NHL,27.666666666666668,Montreal Canadiens,20.0,7.666666666666668
1101,Kings,Toronto Maple Leafs,NHL,27.666666666666668,Montreal Canadiens,20.0,7.666666666666668
5943,Mount Waddington,Vancouver Canucks,NHL,21.5,Edmonton Oilers,7.222222222222222,14.277777777777779
5901,East Kootenay,Vancouver Canucks,NHL,21.5,Edmonton Oilers,7.222222222222222,14.277777777777779
5919,Cowichan Valley,Vancouver Canucks,NHL,21.5,Edmonton Oilers,7.222222222222222,14.277777777777779
5903,Central Kootenay,Vancouver Canucks,NHL,21.5,Edmonton Oilers,7.222222222222222,14.277777777777779
5955,Peace River,Vancouver Canucks,NHL,21.5,Edmonton Oilers,7.222222222222222,14.277777777777779
5937,North Okanagan,Vancouver Canucks,NHL,21.5,Edmonton Oilers,7.222222222222222,14.277777777777779
5939,Columbia-Shuswap,Vancouver Canucks,NHL,21.5,Edmonton Oilers,7.222222222222222,14.277777777777779
5915,Greater Vancouver,Vancouver Canucks,NHL,21.5,Edmonton Oilers,7.222222222222222,14.277777777777779
5909,Fraser Valley,Vancouver Canucks,NHL,21.5,Edmonton Oilers,7.222222222222222,14.277777777777779
5951,Bulkley-Nechako,Vancouver Canucks,NHL,21.5,Edmonton Oilers,7.222222222222222,14.277777777777779
5957,Stikine,Vancouver Canucks,NHL,21.5,Edmonton Oilers,7.222222222222222,14.277777777777779
5929,Sunshine Coast,Vancouver Canucks,NHL,21.5,Edmonton Oilers,7.222222222222222,14.277777777777779
5917,Capital,Vancouver Canucks,NHL,21.5,Edmonton Oilers,7.222222222222222,14.277777777777779
5935,Central Okanagan,Vancouver Canucks,NHL,21.5,Edmonton Oilers,7.222222222222222,14.277777777777779
5949,Kitimat-Stikine,Vancouver Canucks,NHL,21.5,Edmonton Oilers,7.222222222222222,14.277777777777779
5945,Central Coast,Vancouver Canucks,NHL,21.5,Edmonton Oilers,7.222222222222222,14.277777777777779
5953,Fraser-Fort George,Vancouver Canucks,NHL,21.5,Edmonton Oilers,7.222222222222222,14.277777777777779
5941,Cariboo,Vancouver Canucks,NHL,21.5,Edmonton Oilers,7.222222222222222,14.277777777777779
5907,Okanagan-Similkameen,Vancouver Canucks,NHL,21.5,Edmonton Oilers,7.222222222222222,14.277777777777779
5905,Kootenay Boundary,Vancouver Canucks,NHL,21.5,Edmonton Oilers,7.222222222222222,14.277777777777779
5921,Nanaimo,Vancouver Canucks,NHL,21.5,Edmonton Oilers,7.222222222222222,14.277777777777779
5933,Thompson-Nicola,Vancouver Canucks,NHL,21.5,Edmonton Oilers,7.222222222222222,14.277777777777779
5923,Alberni-Clayoquot,Vancouver Canucks,NHL,21.5,Edmonton Oilers,7.222222222222222,14.277777777777779
5927,Powell River,Vancouver Canucks,NHL,21.5,Edmonton Oilers,7.222222222222222,14.277777777777779
5947,Skeena-Queen Charlotte,Vancouver Canucks,NHL,21.5,Edmonton Oilers,7.222222222222222,14.277777777777779
5959,Northern Rockies,Vancouver Canucks,NHL,21.5,Edmonton Oilers,7.222222222222222,14.277777777777779
5926,Comox Valley,Vancouver Canucks,NHL,21.5,Edmonton Oilers,7.222222222222222,14.277777777777779
5931,Squamish-Lillooet,Vancouver Canucks,NHL,21.5,Edmonton Oilers,7.222222222222222,14.277777777777779
5924,Strathcona,Vancouver Canucks,NHL,21.5,Edmonton Oilers,7.222222222222222,14.277777777777779
2420,L'Île-d'Orléans,Montreal Canadiens,NHL,16.6,Michigan Football,2.6315789473684212,13.96842105263158
2409,La Mitis,Montreal Canadiens,NHL,16.6,Michigan Football,2.6315789473684212,13.96842105263158
2443,Sherbrooke,Montreal Canadiens,NHL,16.6,Michigan Football,2.6315789473684212,13.96842105263158
2416,Charlevoix,Montreal Canadiens,NHL,16.6,Michigan Football,2.6315789473684212,13.96842105263158
2477,Les Pays-d'en-Haut,Montreal Canadiens,NHL,16.6,Michigan Football,2.6315789473684212,13.96842105263158
2442,Le Val-Saint-François,Montreal Canadiens,NHL,16.6,Michigan Football,2.6315789473684212,13.96842105263158
2491,Le Domaine-du-Roy,Montreal Canadiens,NHL,16.6,Michigan Football,2.6315789473684212,13.96842105263158
2462,Matawinie,Montreal Canadiens,NHL,16.6,Michigan Football,2.6315789473684212,13.96842105263158
2451,Maskinongé,Montreal Canadiens,NHL,16.6,Michigan Football,2.6315789473684212,13.96842105263158
1213,Guysborough,Toronto Maple Leafs,NHL,16.6,Montreal Canadiens,13.0,3.6000000000000014
2490,La Tuque,Montreal Canadiens,NHL,16.6,Michigan Football,2.6315789473684212,13.96842105263158
2478,Les Laurentides,Montreal Canadiens,NHL,16.6,Michigan Football,2.6315789473684212,13.96842105263158
2440,Les Sources,Montreal Canadiens,NHL,16.6,Michigan Football,2.6315789473684212,13.96842105263158
2466,Montréal,Montreal Canadiens,NHL,16.6,Michigan Football,2.6315789473684212,13.96842105263158
1203,Digby,Toronto Maple Leafs,NHL,16.6,Montreal Canadiens,13.0,3.6000000000000014
2430,Le Granit,Montreal Canadiens,NHL,16.6,Michigan Football,2.6315789473684212,13.96842105263158
2485,Témiscamingue,Montreal Canadiens,NHL,16.6,Michigan Football,2.6315789473684212,13.96842105263158
2406,Avignon,Montreal Canadiens,NHL,16.6,Michigan Football,2.6315789473684212,13.96842105263158
2449,Drummond,Montreal Canadiens,NHL,16.6,Michigan Football,2.6315789473684212,13.96842105263158
1215,Inverness,Toronto Maple Leafs,NHL,16.6,Montreal Canadiens,13.0,3.6000000000000014
2407,La Matapédia,Montreal Canadiens,NHL,16.6,Michigan Football,2.6315789473684212,13.96842105263158
2486,Rouyn-Noranda,Montreal Canadiens,NHL,16.6,Michigan Football,2.6315789473684212,13.96842105263158
2488,Abitibi,Montreal Canadiens,NHL,16.6,Michigan Football,2.6315789473684212,13.96842105263158
2429,Beauce-Sartigan,Montreal Canadiens,NHL,16.6,Michigan Football,2.6315789473684212,13.96842105263158
2468,Les Jardins-de-Napierville,Montreal Canadiens,NHL,16.6,Michigan Football,2.6315789473684212,13.96842105263158
2448,Acton,Montreal Canadiens,NHL,16.6,Michigan Football,2.6315789473684212,13.96842105263158
2415,Charlevoix-Est,Montreal Canadiens,NHL,16.6,Michigan Football,2.6315789473684212,13.96842105263158
2471,Vaudreuil-Soulanges,Montreal Canadiens,NHL,16.6,Michigan Football,2.6315789473684212,13.96842105263158
2476,Argenteuil,Montreal Canadiens,NHL,16.6,Michigan Football,2.6315789473684212,13.96842105263158
1218,Victoria,Toronto Maple Leafs,NHL,16.6,Montreal Canadiens,13.0,3.6000000000000014
2408,La Matanie,Montreal Canadiens,NHL,16.6,Michigan Football,2.6315789473684212,13.96842105263158
2421,La Côte-de-Beaupré,Montreal Canadiens,NHL,16.6,Michigan Football,2.6315789473684212,13.96842105263158
1201,Shelburne,Toronto Maple Leafs,NHL,16.6,Montreal Canadiens,13.0,3.6000000000000014
2475,La Rivière-du-Nord,Montreal Canadiens,NHL,16.6,Michigan Football,2.6315789473684212,13.96842105263158
1216,Richmond,Toronto Maple Leafs,NHL,16.6,Montreal Canadiens,13.0,3.6000000000000014
2447,La Haute-Yamaska,Montreal Canadiens,NHL,16.6,Michigan Football,2.6315789473684212,13.96842105263158
2438,Bécancour,Montreal Canadiens,NHL,16.6,Michigan Football,2.6315789473684212,13.96842105263158
2460,L'Assomption,Montreal Canadiens,NHL,16.6,Michigan Football,2.6315789473684212,13.96842105263158
1202,Yarmouth,Toronto Maple Leafs,NHL,16.6,Montreal Canadiens,13.0,3.6000000000000014
2489,La Vallée-de-l'Or,Montreal Canadiens,NHL,16.6,Michigan Football,2.6315789473684212,13.96842105263158
1214,Antigonish,Toronto Maple Leafs,NHL,16.6,Montreal Canadiens,13.0,3.6000000000000014
2450,Nicolet-Yamaska,Montreal Canadiens,NHL,16.6,Michigan Football,2.6315789473684212,13.96842105263158
2422,La Jacques-Cartier,Montreal Canadiens,NHL,16.6,Michigan Football,2.6315789473684212,13.96842105263158
2414,Kamouraska,Montreal Canadiens,NHL,16.6,Michigan Football,2.6315789473684212,13.96842105263158
2474,Mirabel,Montreal Canadiens,NHL,16.6,Michigan Football,2.6315789473684212,13.96842105263158
2437,Francheville,Montreal Canadiens,NHL,16.6,Michigan Football,2.6315789473684212,13.96842105263158
2459,Marguerite-D'Youville,Montreal Canadiens,NHL,16.6,Michigan Football,2.6315789473684212,13.96842105263158
2446,Brome-Missisquoi,Montreal Canadiens,NHL,16.6,Michigan Football,2.6315789473684212,13.96842105263158
2470,Beauharnois-Salaberry,Montreal Canadiens,NHL,16.6,Michigan Football,2.6315789473684212,13.96842105263158
2467,Roussillon,Montreal Canadiens,NHL,16.6,Michigan Football,2.6315789473684212,13.96842105263158
2453,Pierre-De Saurel,Montreal Canadiens,NHL,16.6,Michigan Football,2.6315789473684212,13.96842105263158
2405,Bonaventure,Montreal Canadiens,NHL,16.6,Michigan Football,2.6315789473684212,13.96842105263158
1205,Annapolis,Toronto Maple Leafs,NHL,16.6,Montreal Canadiens,13.0,3.6000000000000014
2404,La Haute-Gaspésie,Montreal Canadiens,NHL,16.6,Michigan Football,2.6315789473684212,13.96842105263158
2469,Le Haut-Saint-Laurent,Montreal Canadiens,NHL,16.6,Michigan Football,2.6315789473684212,13.96842105263158
2419,Bellechasse,Montreal Canadiens,NHL,16.6,Michigan Football,2.6315789473684212,13.96842105263158
2454,Les Maskoutains,Montreal Canadiens,NHL,16.6,Michigan Football,2.6315789473684212,13.96842105263158
2425,Lévis,Montreal Canadiens,NHL,16.6,Michigan Football,2.6315789473684212,13.96842105263158
1209,Halifax,Toronto Maple Leafs,NHL,16.6,Montreal Canadiens,13.0,3.6000000000000014
2481,Gatineau,Montreal Canadiens,NHL,16.6,Michigan Football,2.6315789473684212,13.96842105263158
2499,Nord-du-Québec,Montreal Canadiens,NHL,16.6,Michigan Football,2.6315789473684212,13.96842105263158
2435,Mékinac,Montreal Canadiens,NHL,16.6,Michigan Football,2.6315789473684212,13.96842105263158
2445,Memphrémagog,Montreal Canadiens,NHL,16.6,Michigan Football,2.6315789473684212,13.96842105263158
2412,Rivière-du-Loup,Montreal Canadiens,NHL,16.6,Michigan Football,2.6315789473684212,13.96842105263158
2480,Papineau,Montreal Canadiens,NHL,16.6,Michigan Football,2.6315789473684212,13.96842105263158
2417,L'Islet,Montreal Canadiens,NHL,16.6,Michigan Football,2.6315789473684212,13.96842105263158
2492,Maria-Chapdelaine,Montreal Canadiens,NHL,16.6,Michigan Football,2.6315789473684212,13.96842105263158
2431,Les Appalaches,Montreal Canadiens,NHL,16.6,Michigan Football,2.6315789473684212,13.96842105263158
1210,Colchester,Toronto Maple Leafs,NHL,16.6,Montreal Canadiens,13.0,3.6000000000000014
2418,Montmagny,Montreal Canadiens,NHL,16.6,Michigan Football,2.6315789473684212,13.96842105263158
2427,Robert-Cliche,Montreal Canadiens,NHL,16.6,Michigan Football,2.6315789473684212,13.96842105263158
1212,Pictou,Toronto Maple Leafs,NHL,16.6,Montreal Canadiens,13.0,3.6000000000000014
2479,Antoine-Labelle,Montreal Canadiens,NHL,16.6,Michigan Football,2.6315789473684212,13.96842105263158
2423,Québec,Montreal Canadiens,NHL,16.6,Michigan Football,2.6315789473684212,13.96842105263158
2452,D'Autray,Montreal Canadiens,NHL,16.6,Michigan Football,2.6315789473684212,13.96842105263158
2436,Shawinigan,Montreal Canadiens,NHL,16.6,Michigan Football,2.6315789473684212,13.96842105263158
2413,Témiscouata,Montreal Canadiens,NHL,16.6,Michigan Football,2.6315789473684212,13.96842105263158
1211,Cumberland,Toronto Maple Leafs,NHL,16.6,Montreal Canadiens,13.0,3.6000000000000014
2473,Thérèse-De Blainville,Montreal Canadiens,NHL,16.6,Michigan Football,2.6315789473684212,13.96842105263158
2465,Laval,Montreal Canadiens,NHL,16.6,Michigan Football,2.6315789473684212,13.96842105263158
2458,Longueuil,Montreal Canadiens,NHL,16.6,Michigan Football,2.6315789473684212,13.96842105263158
1204,Queens,Toronto Maple Leafs,NHL,16.6,Montreal Canadiens,13.0,3.6000000000000014
2484,Pontiac,Montreal Canadiens,NHL,16.6,Michigan Football,2.6315789473684212,13.96842105263158
2498,Minganie--Le Golfe-du-Saint-Laurent,Montreal Canadiens,NHL,16.6,Michigan Football,2.6315789473684212,13.96842105263158
1207,Kings,Toronto Maple Leafs,NHL,16.6,Montreal Canadiens,13.0,3.6000000000000014
2410,Rimouski-Neigette,Montreal Canadiens,NHL,16.6,Michigan Football,2.6315789473684212,13.96842105263158
2463,Montcalm,Montreal Canadiens,NHL,16.6,Michigan Football,2.6315789473684212,13.96842105263158
2483,La Vallée-de-la-Gatineau,Montreal Canadiens,NHL,16.6,Michigan Football,2.6315789473684212,13.96842105263158
2433,Lotbinière,Montreal Canadiens,NHL,16.6,Michigan Football,2.6315789473684212,13.96842105263158
2496,Manicouagan,Montreal Canadiens,NHL,16.6,Michigan Football,2.6315789473684212,13.96842105263158
2482,Les Collines-de-l'Outaouais,Montreal Canadiens,NHL,16.6,Michigan Football,2.6315789473684212,13.96842105263158
2402,Le Rocher-Percé,Montreal Canadiens,NHL,16.6,Michigan Football,2.6315789473684212,13.96842105263158
2411,Les Basques,Montreal Canadiens,NHL,16.6,Michigan Football,2.6315789473684212,13.96842105263158
2455,Rouville,Montreal Canadiens,NHL,16.6,Michigan Football,2.6315789473684212,13.96842105263158
2434,Portneuf,Montreal Canadiens,NHL,16.6,Michigan Football,2.6315789473684212,13.96842105263158
2457,La Vallée-du-Richelieu,Montreal Canadiens,NHL,16.6,Michigan Football,2.6315789473684212,13.96842105263158
2441,Le Haut-Saint-François,Montreal Canadiens,NHL,16.6,Michigan Football,2.6315789473684212,13.96842105263158
2493,Lac-Saint-Jean-Est,Montreal Canadiens,NHL,16.6,Michigan Football,2.6315789473684212,13.96842105263158
2464,Les Moulins,Montreal Canadiens,NHL,16.6,Michigan Football,2.6315789473684212,13.96842105263158
1208,Hants,Toronto Maple Leafs,NHL,16.6,Montreal Canadiens,13.0,3.6000000000000014
2401,Communauté maritime des Îles-de-la-Madeleine,Montreal Canadiens,NHL,16.6,Michigan Football,2.6315789473684212,13.96842105263158
2497,Sept-Rivières--Caniapiscau,Montreal Canadiens,NHL,16.6,Michigan Football,2.6315789473684212,13.96842105263158
2494,Le Saguenay-et-son-Fjord,Montreal Canadiens,NHL,16.6,Michigan Football,2.6315789473684212,13.96842105263158
2403,La Côte-de-Gaspé,Montreal Canadiens,NHL,16.6,Michigan Football,2.6315789473684212,13.96842105263158
2495,La Haute-Côte-Nord,Montreal Canadiens,NHL,16.6,Michigan Football,2.6315789473684212,13.96842105263158
2426,La Nouvelle-Beauce,Montreal Canadiens,NHL,16.6,Michigan Football,2.6315789473684212,13.96842105263158
2472,Deux-Montagnes,Montreal Canadiens,NHL,16.6,Michigan Football,2.6315789473684212,13.96842105263158
2444,Coaticook,Montreal Canadiens,NHL,16.6,Michigan Football,2.6315789473684212,13.96842105263158
2456,Le Haut-Richelieu,Montreal Canadiens,NHL,16.6,Michigan Football,2.6315789473684212,13.96842105263158
2432,L'Érable,Montreal Canadiens,NHL,16.6,Michigan Football,2.6315789473684212,13.96842105263158
1206,Lunenburg,Toronto Maple Leafs,NHL,16.6,Montreal Canadiens,13.0,3.6000000000000014
2439,Arthabaska,Montreal Canadiens,NHL,16.6,Michigan Football,2.6315789473684212,13.96842105263158
1217,Cape Breton,Toronto Maple Leafs,NHL,16.6,Montreal Canadiens,13.0,3.6000000000000014
2461,Joliette,Montreal Canadiens,NHL,16.6,Michigan Football,2.6315789473684212,13.96842105263158
2428,Les Etchemins,Montreal Canadiens,NHL,16.6,Michigan Football,2.6315789473684212,13.96842105263158
2487,Abitibi-Ouest,Montreal Canadiens,NHL,16.6,Michigan Football,2.6315789473684212,13.96842105263158
1308,Kent,Toronto Maple Leafs,NHL,16.4,Montreal Canadiens,15.6,0.7999999999999989
1309,Northumberland,Toronto Maple Leafs,NHL,16.4,Montreal Canadiens,15.6,0.7999999999999989
1313,Madawaska,Toronto Maple Leafs,NHL,16.4,Montreal Canadiens,15.6,0.7999999999999989
1314,Restigouche,Toronto Maple Leafs,NHL,16.4,Montreal Canadiens,15.6,0.7999999999999989
1306,Albert,Toronto Maple Leafs,NHL,16.4,Montreal Canadiens,15.6,0.7999999999999989
1307,Westmorland,Toronto Maple Leafs,NHL,16.4,Montreal Canadiens,15.6,0.7999999999999989
1304,Queens,Toronto Maple Leafs,NHL,16.4,Montreal Canadiens,15.6,0.7999999999999989
1305,Kings,Toronto Maple Leafs,NHL,16.4,Montreal Canadiens,15.6,0.7999999999999989
1311,Carleton,Toronto Maple Leafs,NHL,16.4,Montreal Canadiens,15.6,0.7999999999999989
1315,Gloucester,Toronto Maple Leafs,NHL,16.4,Montreal Canadiens,15.6,0.7999999999999989
1301,Saint John,Toronto Maple Leafs,NHL,16.4,Montreal Canadiens,15.6,0.7999999999999989
1302,Charlotte,Toronto Maple Leafs,NHL,16.4,Montreal Canadiens,15.6,0.7999999999999989
1303,Sunbury,Toronto Maple Leafs,NHL,16.4,Montreal Canadiens,15.6,0.7999999999999989
1310,York,Toronto Maple Leafs,NHL,16.4,Montreal Canadiens,15.6,0.7999999999999989
1312,Victoria,Toronto Maple Leafs,NHL,16.4,Montreal Canadiens,15.6,0.7999999999999989
3536,Chatham-Kent,Toronto Maple Leafs,NHL,11.714285714285714,Michigan Football,8.5,3.2142857142857135
3502,Prescott and Russell,Toronto Maple Leafs,NHL,11.714285714285714,Michigan Football,8.5,3.2142857142857135
3522,Dufferin,Toronto Maple Leafs,NHL,11.714285714285714,Michigan Football,8.5,3.2142857142857135
3528,Haldimand-Norfolk,Toronto Maple Leafs,NHL,11.714285714285714,Michigan Football,8.5,3.2142857142857135
3547,Renfrew,Toronto Maple Leafs,NHL,11.714285714285714,Michigan Football,8.5,3.2142857142857135
3543,Simcoe,Toronto Maple Leafs,NHL,11.714285714285714,Michigan Football,8.5,3.2142857142857135
3525,Hamilton,Toronto Maple Leafs,NHL,11.714285714285714,Michigan Football,8.5,3.2142857142857135
3534,Elgin,Toronto Maple Leafs,NHL,11.714285714285714,Michigan Football,8.5,3.2142857142857135
3501,"Stormont, Dundas and Glengarry",Toronto Maple Leafs,NHL,11.714285714285714,Michigan Football,8.5,3.2142857142857135
3521,Peel,Toronto Maple Leafs,NHL,11.714285714285714,Michigan Football,8.5,3.2142857142857135
3529,Brant,Toronto Maple Leafs,NHL,11.714285714285714,Michigan Football,8.5,3.2142857142857135
3506,Ottawa,Toronto Maple Leafs,NHL,11.714285714285714,Michigan Football,8.5,3.2142857142857135
3512,Hastings,Toronto Maple Leafs,NHL,11.714285714285714,Michigan Football,8.5,3.2142857142857135
3541,Bruce,Toronto Maple Leafs,NHL,11.714285714285714,Michigan Football,8.5,3.2142857142857135
3520,Toronto,Toronto Maple Leafs,NHL,11.714285714285714,Michigan Football,8.5,3.2142857142857135
3560,Kenora,Toronto Maple Leafs,NHL,11.714285714285714,Michigan Football,8.5,3.2142857142857135
3554,Timiskaming,Toronto Maple Leafs,NHL,11.714285714285714,Michigan Football,8.5,3.2142857142857135
3556,Cochrane,Toronto Maple Leafs,NHL,11.714285714285714,Michigan Football,8.5,3.2142857142857135
3558,Thunder Bay,Toronto Maple Leafs,NHL,11.714285714285714,Michigan Football,8.5,3.2142857142857135
3539,Middlesex,Toronto Maple Leafs,NHL,11.714285714285714,Michigan Football,8.5,3.2142857142857135
3526,Niagara,Toronto Maple Leafs,NHL,11.714285714285714,Michigan Football,8.5,3.2142857142857135
3516,Kawartha Lakes,Toronto Maple Leafs,NHL,11.714285714285714,Michigan Football,8.5,3.2142857142857135
3549,Parry Sound,Toronto Maple Leafs,NHL,11.714285714285714,Michigan Football,8.5,3.2142857142857135
3523,Wellington,Toronto Maple Leafs,NHL,11.714285714285714,Michigan Football,8.5,3.2142857142857135
3544,Muskoka,Toronto Maple Leafs,NHL,11.714285714285714,Michigan Football,8.5,3.2142857142857135
3542,Grey,Toronto Maple Leafs,NHL,11.714285714285714,Michigan Football,8.5,3.2142857142857135
3507,Leeds and Grenville,Toronto Maple Leafs,NHL,11.714285714285714,Michigan Football,8.5,3.2142857142857135
3518,Durham,Toronto Maple Leafs,NHL,11.714285714285714,Michigan Football,8.5,3.2142857142857135
3537,Essex,Toronto Maple Leafs,NHL,11.714285714285714,Michigan Football,8.5,3.2142857142857135
3553,Greater Sudbury / Grand Sudbury,Toronto Maple Leafs,NHL,11.714285714285714,Michigan Football,8.5,3.2142857142857135
3546,Haliburton,Toronto Maple Leafs,NHL,11.714285714285714,Michigan Football,8.5,3.2142857142857135
3532,Oxford,Toronto Maple Leafs,NHL,11.714285714285714,Michigan Football,8.5,3.2142857142857135
3511,Lennox and Addington,Toronto Maple Leafs,NHL,11.714285714285714,Michigan Football,8.5,3.2142857142857135
3509,Lanark,Toronto Maple Leafs,NHL,11.714285714285714,Michigan Football,8.5,3.2142857142857135
3557,Algoma,Toronto Maple Leafs,NHL,11.714285714285714,Michigan Football,8.5,3.2142857142857135
3551,Manitoulin,Toronto Maple Leafs,NHL,11.714285714285714,Michigan Football,8.5,3.2142857142857135
3538,Lambton,Toronto Maple Leafs,NHL,11.714285714285714,Michigan Football,8.5,3.2142857142857135
3515,Peterborough,Toronto Maple Leafs,NHL,11.714285714285714,Michigan Football,8.5,3.2142857142857135
3531,Perth,Toronto Maple Leafs,NHL,11.714285714285714,Michigan Football,8.5,3.2142857142857135
3552,Sudbury,Toronto Maple Leafs,NHL,11.714285714285714,Michigan Football,8.5,3.2142857142857135
3530,Waterloo,Toronto Maple Leafs,NHL,11.714285714285714,Michigan Football,8.5,3.2142857142857135
3513,Prince Edward,Toronto Maple Leafs,NHL,11.714285714285714,Michigan Football,8.5,3.2142857142857135
3548,Nipissing,Toronto Maple Leafs,NHL,11.714285714285714,Michigan Football,8.5,3.2142857142857135
3519,York,Toronto Maple Leafs,NHL,11.714285714285714,Michigan Football,8.5,3.2142857142857135
3510,Frontenac,Toronto Maple Leafs,NHL,11.714285714285714,Michigan Football,8.5,3.2142857142857135
3524,Halton,Toronto Maple Leafs,NHL,11.714285714285714,Michigan Football,8.5,3.2142857142857135
3540,Huron,Toronto Maple Leafs,NHL,11.714285714285714,Michigan Football,8.5,3.2142857142857135
3559,Rainy River,Toronto Maple Leafs,NHL,11.714285714285714,Michigan Football,8.5,3.2142857142857135
3514,Northumberland,Toronto Maple Leafs,NHL,11.714285714285714,Michigan Football,8.5,3.2142857142857135
4709,Division No.  9,Edmonton Oilers,NHL,10.0,Toronto Blue Jays,6.4,3.5999999999999996
4715,Division No. 15,Edmonton Oilers,NHL,10.0,Toronto Blue Jays,6.4,3.5999999999999996
4701,Division No.  1,Edmonton Oilers,NHL,10.0,Toronto Blue Jays,6.4,3.5999999999999996
4702,Division No.  2,Edmonton Oilers,NHL,10.0,Toronto Blue Jays,6.4,3.5999999999999996
4716,Division No. 16,Edmonton Oilers,NHL,10.0,Toronto Blue Jays,6.4,3.5999999999999996
4717,Division No. 17,Edmonton Oilers,NHL,10.0,Toronto Blue Jays,6.4,3.5999999999999996
4711,Division No. 11,Edmonton Oilers,NHL,10.0,Toronto Blue Jays,6.4,3.5999999999999996
4712,Division No. 12,Edmonton Oilers,NHL,10.0,Toronto Blue Jays,6.4,3.5999999999999996
4706,Division No.  6,Edmonton Oilers,NHL,10.0,Toronto Blue Jays,6.4,3.5999999999999996
4710,Division No. 10,Edmonton Oilers,NHL,10.0,Toronto Blue Jays,6.4,3.5999999999999996
4703,Division No.  3,Edmonton Oilers,NHL,10.0,Toronto Blue Jays,6.4,3.5999999999999996
4707,Division No.  7,Edmonton Oilers,NHL,10.0,Toronto Blue Jays,6.4,3.5999999999999996
4705,Division No.  5,Edmonton Oilers,NHL,10.0,Toronto Blue Jays,6.4,3.5999999999999996
4708,Division No.  8,Edmonton Oilers,NHL,10.0,Toronto Blue Jays,6.4,3.5999999999999996
4704,Division No.  4,Edmonton Oilers,NHL,10.0,Toronto Blue Jays,6.4,3.5999999999999996
4713,Division No. 13,Edmonton Oilers,NHL,10.0,Toronto Blue Jays,6.4,3.5999999999999996
4718,Division No. 18,Edmonton Oilers,NHL,10.0,Toronto Blue Jays,6.4,3.5999999999999996
4714,Division No. 14,Edmonton Oilers,NHL,10.0,Toronto Blue Jays,6.4,3.5999999999999996
